ID,Character,English,English_IPA,Anzellan,Anzellan_IPA,Mixed_25,Mixed_25_IPA,Mixed_50,Mixed_50_IPA,Mixed_75,Mixed_75_IPA
jibu_power_flip,Jibu,Found you!,ˈfaund ˈiu!,Ga-no e!,ˈɡano e!,Ga-no you!,ˈɡano ˈiu!,Ga-no found!,ˈɡano ˈfaund!,Gano you found!,ˈɡano ˈiu ˈfaund!
jibu_excited,Jibu,Jibu like! Jibu always excited!,ˈdʒibu ˈlaik! ˈdʒibu ˈolwei̯s ikˈsaitad!,Jibu miga ipo! Jibu udmo ixa!,ˈdʒibu ˈmiɡa ˈipo! ˈdʒibu ˈudmo ˈiʃa!,Jibu miga udmo! Like!,ˈdʒibu ˈmiɡa ˈudmo! ˈlaik!,Jibu miga! Always excited!,ˈdʒibu ˈmiɡa! ˈolwei̯s ikˈsaitad!,Jibu! always excited!,ˈdʒibu! ˈolwei̯s ikˈsaitad!
jibu_power_gotit,Jibu,Easy peasy!,ˈisi ˈpisi!,Abobo!,ˈabobo!,Abobo! easy!,ˈabobo! ˈisi!,Abobo! easy!,ˈabobo! ˈisi!,Abobo! easy peasy!,ˈabobo! ˈisi ˈpisi!
jibu_sad_power,Jibu,Poodoo!,ˈpudu!,Nie xi!,nie̯ ʃi!,Nie ixena! Poodoo!,nie̯ ˈiʃena! ˈpudu!,Nie! Poodoo!,nie̯! ˈpudu!,Nie ixena! poo-doo!,nie̯ ˈiʃena! ˈpudu!
jibu_data_warning,Jibu,Bingo!,ˈbinɡo!,tabu ete,ˈtabu ˈete,Nadixe! Bingo!,ˈnadiʃe! ˈbinɡo!,Nadixe! Bingo!,ˈnadiʃe! ˈbinɡo!,Ba li! Bingo!,ba li! ˈbinɡo!
jibu_power_warning,Jibu,There it is!,ˈdee it is!,Ked-ba ipo,ˈkedba ˈipo,Ked-ba here it,ˈkedba ˈhii it,Ked ipo! There it!,ked ˈipo! ˈdee it!,Ked-ba there it!,ˈkedba ˈdee it!
jibu_swivels_data,Jibu,I've got an idea!,ˈaiv ɡat an aˈidia!,Buma mi bana!,ˈbuma mi ˈbana!,Buma mi bana idea!,ˈbuma mi ˈbana aˈidia!,Buma mi idea!,ˈbuma mi aˈidia!,Buma idea good!,ˈbuma ˈaidia ɡud!
jibu_fan_dial_1,Jibu,That should be better.,dat ʃud bi ˈbete.,Ked-boa ixena,ˈkedboa ˈiʃena,Ixena good!,ˈiʃena ɡud!,Ixena! Much better!,ˈiʃena! matʃ ˈbete!,Ixenudu all better!,iˈʃenudu ol ˈbete!
jibu_fan_dial_2,Jibu,Okay okay. Fixing!,ˈokei̯ ˈokei̯. ˈfiksin!,Nadixe nadixe. Moga-mo!,ˈnadiʃe ˈnadiʃe. ˈmoɡamo!,Aaxe aaxe. Fixing!,ˈaaʃe ˈaaʃe. ˈfiksin!,Ba moga! Okay okay.,ba ˈmoɡa! ˈokei̯ ˈokei̯.,Moga-mo fixing!,ˈmoɡamo ˈfiksin!
jibu_fan_hot_1,Jibu,No hot hot! Fixing!,no hat hat! ˈfiksin!,Nie mumuba! Moga-mo!,nie̯ ˈmumuba! ˈmoɡamo!,Nie muba muba! Fixing!,nie̯ ˈmuba ˈmuba! ˈfiksin!,Nie mumuba! Fixing!,nie̯ ˈmumuba! ˈfiksin!,Nie ba fixing!,nie̯ ba ˈfiksin!
jibu_fan_cold_1,Jibu,Don't worry. Cold go away!,dont wei̯. kold ɡo ˈawei̯!,Nie ba nie godi. Ika ba mi wabad!,nie̯ ba nie̯ ˈɡodi. ˈika ba mi ˈwabad!,Nie ba banada-no! Cold go!,nie̯ ba baˈnadano! kold ɡo!,Nie pilaxi. Cold go!,nie̯ ˈpilaʃi. kold ɡo!,Nie ba no worry cold go away!,nie̯ ba no wei̯ kold ɡo ˈawei̯!
jibu_rips_droid_eye,Jibu,No wipe! No wipe!,no ˈwaip! no ˈwaip!,Nie dopo! Nie dopo!,nie̯ ˈdopo! nie̯ ˈdopo!,Nie dopo! No wipe!,nie̯ ˈdopo! no ˈwaip!,Nie dopo! No wipe!,nie̯ ˈdopo! no ˈwaip!,Nie no wipe!,nie̯ no ˈwaip!
jibu_smack_droid_face,Jibu,Be fixie already!,bi ˈfiksie̯ ˈolwedi!,Ba moga bano!,ba ˈmoɡa ˈbano!,Ba moga fixie!,ba ˈmoɡa ˈfiksie̯!,Ba moga fixie!,ba ˈmoɡa ˈfiksie̯!,Ba moga fixie already!,ba ˈmoɡa ˈfiksie̯ ˈolwedi!
jibu_sparky_spark,Jibu,Sparky! Spark spark-spark!,ˈspaki! spak ˈspawkspawk!,Bede! Bebe bede-bede!,ˈbede! ˈbebe beˈdebede!,Ga spark spark spark!,ɡa spak spak spak!,Bede! Spark spark-spark!,ˈbede! spak ˈspawkspawk!,Ipama! Spark spark-spark!,ˈipama! spak ˈspakspak!
jibu_no_rush,Jibu,No rush!,no waʃ!,Nie haba!,nie̯ ˈhaba!,Nie ba haba no rush!,nie̯ ba ˈhaba no waʃ!,Nie hurry!,nie̯ hei̯!,Nie ba hurry!,nie̯ ba hei̯!
jibu_adjusts_coupling,Jibu,Messy. Messy messy.,ˈmesi. ˈmesi ˈmesi.,Koko. Koko koko.,ˈkoko. ˈkoko ˈkoko.,bana-nie. messy messy.,ˈbananie̯. ˈmesi ˈmesi.,Da wawa boken! Messy messy!,da ˈwawa ˈboken! ˈmesi ˈmesi!,Bana-nie. Messy messy!,ˈbananie̯. ˈmesi ˈmesi!
jibu_smacks_the_droid,Jibu,Stop talking!,stap ˈtokin!,Nie ba la!,nie̯ ba la!,Nie ba la stop!,nie̯ ba la stap!,Nie stop!,nie̯ stap!,Nie ba la! stop talk!,nie̯ ba la! stap tok!
jibu_smacks_droid_quiet,Jibu,Quiet!,ˈkwaiat!,Ba tumunie!,ba ˈtumunie̯!,Tumunie! Quiet!,ˈtumunie̯! ˈkwaiat!,Ba tumunie! Quiet!,ba ˈtumunie̯! ˈkwaiat!,Ba tumunie! Quiet!,ba ˈtumunie̯! ˈkwaiat!
jibu_no_talk,Jibu,No talk!,no tok!,Nie ba pena!,nie̯ ba ˈpena!,Nie ba la! talk!,nie̯ ba la! tok!,No nie ba la!,no nie̯ ba la!,Nie ba la no talk!,nie̯ ba la no tok!
jibu_data_storage_panel,Jibu,The panel's no good!,da ˈpanals no ɡud!,Nie da napa ixena!,nie̯ da ˈnapa ˈiʃena!,Nie da napa broken!,nie̯ da ˈnapa ˈbwokan!,Napa no good! Nie ixena.,ˈnapa no ɡud! nie̯ ˈiʃena.,Nie da panel no good!,nie̯ da ˈpanal no ɡud!
jibu_broken_display_reaction,Jibu,Uh ohhhhhh.,a ohhhhhh.,a-o,ˈao,A-o uh ohhh,ˈao a ohhh,A-o uh,ˈao a,a-o uh oh,ˈao a o
jibu_sad_display_1,Jibu,Picture gone. All gone gone.,ˈpiktʃe ɡon. ol ɡon ɡon.,Pikta tumunie. Tu-tumunie.,ˈpikta ˈtumunie̯. tuˈtumunie̯.,Pikta tumunie. All gone.,ˈpikta ˈtumunie̯. ol ɡon.,Pikta tumunie! All gone!,ˈpikta ˈtumunie̯! ol ɡon!,Pikta all gone gone,ˈpikta ol ɡon ɡon
jibu_mubo_dangerous,Jibu,Sounds dangerous...,ˈsaunds ˈdei̯ndʒeas...,Hena ipo-va kitepe.,ˈhena ˈipova ˈkitepe.,Hena kitepe danger!,ˈhena ˈkitepe ˈdei̯ndʒe!,Kitepe! Danger!,ˈkitepe! ˈdei̯ndʒe!,Hena kitepe dangerous!,ˈhena ˈkitepe ˈdei̯ndʒeas!
jibu_display_fixed,Jibu,Much better!,matʃ ˈbete!,Ixenudu!,iˈʃenudu!,Ixenudu better!,iˈʃenudu ˈbete!,Much ixenudu!,matʃ iˈʃenudu!,Ixenudu good job!,iˈʃenudu ɡud dʒab!
jibu_droid_no_like,Jibu,No like!,no ˈlaik!,Nie pilaxi!,nie̯ ˈpilaʃi!,Nie pilaxi no!,nie̯ ˈpilaʃi no!,Nie like!,nie̯ ˈlaik!,Nie no like!,nie̯ no ˈlaik!
jibu_waves_arms_droid,Jibu,Stop!,stap!,Nie ba bani!,nie̯ ba ˈbani!,Nie ba stop!,nie̯ ba stap!,Bani! Stop!,ˈbani! stap!,Nie ba! Stop!,nie̯ ba! stap!
jibu_droid_startled,Jibu,It's alive!,its ˈalaiv!,Ipo ixena!,ˈipo ˈiʃena!,Ipo ixena! Alive!,ˈipo ˈiʃena! ˈalaiv!,Ipo alive!,ˈipo ˈalaiv!,Ohhuuo! It live!,ohˈhuuo! it ˈlaiv!
jibu_droid_alive,Jibu,Uh... that shouldn't be possible.,a... dat ˈʃudant bi ˈpasabal.,Uh…ked nie ba ketaxi.,ˈuh…ked nie̯ ba ˈketaʃi.,Ked nie ketaxi! No possible.,ked nie̯ ˈketaʃi! no ˈpasabal.,Uh…ked nie ba ketaxi possible,ˈuh…ked nie̯ ba ˈketaʃi ˈpasabal,Wuhoh! That not possible,ˈwuhoh! dat nat ˈpasabal
jibu_swivels_droid,Jibu,That's gonna be a problem.,dats ˈɡana bi a ˈpwablam.,Ked-bo ka pobem.,ˈkedbo ka ˈpobem.,Ga ka pobem! Problem!,ɡa ka ˈpobem! ˈpwablam!,Ga-bo problem!,ˈɡabo ˈpwablam!,Pudu! Problem coming!,ˈpudu! ˈpwablam ˈkamin!
jibu_droid_big_problem,Jibu,Uh oh! Big problem!,a o! biɡ ˈpwablam!,a-o! big ni pobem,ˈao! biɡ ni ˈpobem,A-o! Ka pobem problem!,ˈao! ka ˈpobem ˈpwablam!,Big pobem! Nie tumunie!,biɡ ˈpobem! nie̯ ˈtumunie̯!,Apua! big problem!,ˈapua! biɡ ˈpwablam!
jibu_droid_that_was_close,Jibu,That was close.,dat was klos.,No ked-ba kitepe.,no ˈkedba ˈkitepe.,Ked-ba close!,ˈkedba klos!,Ked-ba no close!,ˈkedba no klos!,Ked-ba close!,ˈkedba klos!
jibu_temp_apology_1,Jibu,Sorry sorry! I think something is wrong with the fan.,ˈsawi ˈsawi! ˈai tink ˈsamtin is won wid da fan.,Kikamie kikamie! Banada mi ket bok tumu a ta tomig,ˈkikamie̯ ˈkikamie̯! ˈbanada mi ket bok ˈtumu a ta ˈtomiɡ,Kikamie kikamie! Li ga-mi fan broken!,ˈkikamie̯ ˈkikamie̯! li ˈɡami fan ˈbwokan!,"Kikamie, kikamie! Fan broken!","ˈkikamie̯, ˈkikamie̯! fan ˈbwokan!",Kikamie kikamie! Fan is broken! Need fix now!,ˈkikamie̯ ˈkikamie̯! fan is ˈbwokan! nid fiks ˈnau!
jibu_temp_apology_2,Jibu,My fault! The fan must be acting up.,ˈmai folt! da fan mast bi ˈaktin ap.,Vado! Ked-ta tomig ga-mi nixo?,ˈvado! ˈkedta ˈtomiɡ ˈɡami ˈniʃo?,"Vado! Ga-mi ta tomig, acting up!","ˈvado! ˈɡami ta ˈtomiɡ, ˈaktin ap!",Vado! Fan must acting up!,ˈvado! fan mast ˈaktin ap!,"Vado mi! Fan acting up, must be.","ˈvado mi! fan ˈaktin ap, mast bi."
jibu_temp_apology_3,Jibu,"I know, I know! It's the fan. My fault.","ˈai no, ˈai no! its da fan. ˈmai folt.","Banada mi, banada mi! Da tomig. Mi vado.","ˈbanada mi, ˈbanada mi! da ˈtomiɡ. mi ˈvado.","Banada mi, banada mi! Fan broken! Nie mi vado!","ˈbanada mi, ˈbanada mi! fan ˈbwokan! nie̯ mi ˈvado!","Banada mi, banada mi! Fan broken! My fault.","ˈbanada mi, ˈbanada mi! fan ˈbwokan! ˈmai folt.",Banada mi! Fan broken! My fault!,ˈbanada mi! fan ˈbwokan! ˈmai folt!
jibu_how_long_breakl,Jibu,How long until our break?,ˈhau lon ˈantil ˈaue bwei̯k?,Li ba-bo nad vado a meded?,li ˈbabo nad ˈvado a ˈmeded?,Be-ta niopo break!,ˈbeta ˈniopo bwei̯k!,Li tibana break now?,li ˈtibana bwei̯k ˈnau?,Be-na when is our break?,ˈbena wen is ˈaue bwei̯k?
jibu_jedi_came_here,Jibu,I heard a Jedi came here!,ˈai hed a ˈdʒedai kei̯m ˈhii!,Hena-no mi ked-ba ka Jedi ga-no ba,ˈhenano mi ˈkedba ka ˈdʒedi ˈɡano ba,Hena-no mi ked-ba Jedi come!,ˈhenano mi ˈkedba ˈdʒedai kam!,Hena-no mi Jedi come here!,ˈhenano mi ˈdʒedai kam ˈhii!,Hena-no mi Jedi come here!,ˈhenano mi ˈdʒedai kam ˈhii!
jibu_jedi_black_spire,Jibu,I heard a Jedi is here in Black Spire!,ˈai hed a ˈdʒedai is ˈhii in blak spaˈiai!,Hena-no mi ked ka Jedi a Da Black Spire!,ˈhenano mi ked ka ˈdʒedi a da blak spaˈiai!,Hena-no mi ked-ka Jedi a Black Spire here!,ˈhenano mi ˈkedka ˈdʒedai a blak spaˈiai ˈhii!,Ked ka Jedi! I heard here!,ked ka ˈdʒedai! ˈai hed ˈhii!,Hena-no mi Jedi is here Black Spire!,ˈhenano mi ˈdʒedai is ˈhii blak spaˈiai!
jibu_too_dim,Jibu,It's too dim in here.,its tu dim in ˈhii.,Ket te-tepe.,ket ˈtetepe.,Ket te-tepe dark,ket ˈtetepe dak,Ket tetepe! Too dim!,ket ˈtetepe! tu dim!,Ket too dark in here,ket tu dak in ˈhii
jibu_lights_wrong,Jibu,What wrong with lights?,wat won wid ˈlaits?,Li bok-no da mede?,li ˈbokno da ˈmede?,Beda boken! What?,ˈbeda ˈboken! wat?,Li bok boken!,li bok ˈboken!,Li bok-no lights wrong?,li ˈbokno ˈlaits won?
jibu_too_bright,Jibu,It's too bright in here.,its tu ˈbwait in ˈhii.,Ked be-bede.,ked ˈbebede.,Ked be-bede bright!,ked ˈbebede ˈbwait!,Ked be-bede! Too bright!,ked ˈbebede! tu ˈbwait!,Ked too bright in here,ked tu ˈbwait in ˈhii
jibu_lights_bright,Jibu,Lights all bright-bright!,ˈlaits ol bwaˈitbwait!,Da meded be-bede be-bede!,da ˈmeded ˈbebede ˈbebede!,Be-bede lights!,ˈbebede ˈlaits!,Ked be-bede! Lights bright!,ked ˈbebede! ˈlaits ˈbwait!,Bebede lights bright!,ˈbebede ˈlaits ˈbwait!
jibu_lights_flickering_dialogue,Jibu,The lights are flickering!,da ˈlaits ˈaa ˈflikei̯n!,Nixetu da meded!,ˈniʃetu da ˈmeded!,Da meded flickering!,da ˈmeded ˈflikei̯n!,Da meded flicker!,da ˈmeded ˈflike!,Nixetu panel flicker!,ˈniʃetu ˈpanal ˈflike!
jibu_gauge_low,Jibu,Kado! The gauge!,ˈkado! da ɡei̯dʒ!,Kado! Ta tixabe!,ˈkado! ta ˈtiʃabe!,Kado! Ta gauge!,ˈkado! ta ɡei̯dʒ!,Kado! ta gauge!,ˈkado! ta ɡei̯dʒ!,Kado! gauge broken!,ˈkado! ɡei̯dʒ ˈbwokan!
jibu_gauge_full,Jibu,Power all filled!,ˈpaue ol fild!,Ipamad tumu!,ˈipamad ˈtumu!,Ipama-d filled!,ˈipamad fild!,Ipama-no power filled!,iˈpamano ˈpaue fild!,Ipamad power filled!,ˈipamad ˈpaue fild!
jibu_repaired_switchboard_1,Jibu,All better!,ol ˈbete!,Mogaxi!,ˈmoɡaʃi!,Mogaxi! all good,ˈmoɡaʃi! ol ɡud,Mogaxi! Better!,ˈmoɡaʃi! ˈbete!,Mogaxi! all better!,ˈmoɡaʃi! ol ˈbete!
jibu_anything_else_you_need,Jibu,Is there anything else you need?,is ˈdee ˈenitin els ˈiu nid?,Li gapa-mo e ud ga?,li ˈɡapamo e ud ɡa?,Li miga ba ud need more?,li ˈmiɡa ba ud nid ˈmoo?,Li gami ipo Need more?,li ˈɡami ˈipo nid ˈmoo?,Li ni gami-mi you need more?,li ni ˈɡamimi ˈiu nid ˈmoo?
jibu_broken_reaction,Jibu,It's no good! It's no good!,its no ɡud! its no ɡud!,Nie ixena! Nie ixena!,nie̯ ˈiʃena! nie̯ ˈiʃena!,Nie ixena! panel broken!,nie̯ ˈiʃena! ˈpanal ˈbwokan!,Nie ixena! No good!,nie̯ ˈiʃena! no ɡud!,Nie ixena! panel broken!,nie̯ ˈiʃena! ˈpanal ˈbwokan!
jibu_whoops,Jibu,Whoops.,wups.,Apoa,ˈapoa,Apoa! Whoops.,ˈapoa! wups.,Apoa! Whoops.,ˈapoa! wups.,Apoa! whoops,ˈapoa! wups
jibu_bad_idea_no,Jibu,No no! Bad idea!,no no! bad aˈidia!,Nie nie! Bana bad!,nie̯ nie̯! ˈbana bad!,Nie nie! Bad idea!,nie̯ nie̯! bad aˈidia!,Nie nie! Bad idea!,nie̯ nie̯! bad aˈidia!,Nie nie! Bad idea!,nie̯ nie̯! bad aˈidia!
jibu_response_on_it,Jibu,On it!,an it!,Ga-mo mi ipo!,ˈɡamo mi ˈipo!,Ga-mo mi on!,ˈɡamo mi an!,Ga-mo mi On!,ˈɡamo mi an!,Ga-mo on it!,ˈɡamo an it!
jibu_yes_to_vilo,Jibu,Yes!,ie̯s!,nad,nad,Nad. Yes!,nad. ie̯s!,Nad! Yes!,nad! ie̯s!,Na-nad! Yes!,ˈnanad! ie̯s!
jibu_response_sorry,Jibu,Sorry sorry!,ˈsawi ˈsawi!,kikamie kikamie,ˈkikamie̯ ˈkikamie̯,"Kikamie, sorry!","ˈkikamie̯, ˈsawi!",Kikamie sorry!,ˈkikamie̯ ˈsawi!,kikamie sorry sorry!,ˈkikamie̯ ˈsawi ˈsawi!
jibu_refuses,Jibu,No thanks!,no tanks!,Nie dega-mi-e!,nie̯ deˈɡamie!,Nie dega-mi-e no,nie̯ deˈɡamie no,Nie thanks!,nie̯ tanks!,Nie no thanks!,nie̯ no tanks!
jibu_thats_not_nice,Jibu,"That's not very nice, Kado!","dats nat ˈvewi ˈnais, ˈkado!","Nie ked-ba ixenudu, Kado!","nie̯ ˈkedba iˈʃenudu, ˈkado!",Nie ked-po bana not nice!,nie̯ ˈkedpo ˈbana nat ˈnais!,Nie ixena! Not nice!,nie̯ ˈiʃena! nat ˈnais!,"Nie ked mumuba, not very nice!","nie̯ ked ˈmumuba, nat ˈvewi ˈnais!"
jibu_laughs,Jibu,Heheheh!,ˈheheheh!,Heheheh,ˈheheheh,Ba-ba heheheh!,ˈbaba ˈheheheh!,Godetum! Heheh!,ˈɡodetum! ˈheheh!,"A-a, heheh!","ˈaa, ˈheheh!"
jibu_not_cold,Jibu,I don't feel cold.,ˈai dont fil kold.,Nie pilaxi mi ika,nie̯ ˈpilaʃi mi ˈika,Ni pilaxi mi cold!,ni ˈpilaʃi mi kold!,Nie ika no feel,nie̯ ˈika no fil,Ni feel cold no,ni fil kold no
jibu_uhoh,Jibu,Uh-oh.,ˈuhoh.,a-o,ˈao,a-o uh-oh,ˈao ˈuhoh,A-o uh-oh,ˈao ˈuhoh,a-o uh-oh,ˈao ˈuhoh
jibu_yelps_afraid,Jibu,Aieeeee!,ˈei̯iie̯!,a-o,ˈao,A-o! Aieeeee!,ˈao! ˈei̯iie̯!,A-o! Aieeeee!,ˈao! ˈei̯iie̯!,A-a-xa! Aieeeee!,ˈaaʃa! ˈei̯iie̯!
jibu_makes_announcement,Jibu,I've got some bad news.,ˈaiv ɡat sam bad nus.,Buma mi nuda bad.,ˈbuma mi ˈnuda bad.,Buma mi nus bad news!,ˈbuma mi nus bad nus!,Buma mi bad news!,ˈbuma mi bad nus!,Nus bad news!,nus bad nus!
jibu_kado_hurry_up,Jibu,What's wrong? I thought you had everything figured out?,wats won? ˈai tot ˈiu had ˈevwitin ˈfiɡie̯d ˈaut?,Li bok bano? Ga-banada-no e gami ud ga.,li bok ˈbano? ɡabaˈnadano e ˈɡami ud ɡa.,Li bok-no? Mi banada ga-udo everything figured,li ˈbokno? mi ˈbanada ˈɡaudo ˈevwitin ˈfiɡie̯d,Li bok bano? You had all figured!,li bok ˈbano? ˈiu had ol ˈfiɡie̯d!,Li bok-no? You think you have all figured,li ˈbokno? ˈiu tink ˈiu hav ol ˈfiɡie̯d
jibu_kado_figured_out,Jibu,I thought you had everything figured out?,ˈai tot ˈiu had ˈevwitin ˈfiɡie̯d ˈaut?,Ga-no-banada mi ga bumani e-va.,ɡanoˈbanada mi ɡa ˈbumani ˈeva.,Ba-nie banada ni mi ga all figured?,ˈbanie̯ ˈbanada ni mi ɡa ol ˈfiɡie̯d?,"Ba-nad ga, you figure out?","ˈbanad ɡa, ˈiu ˈfiɡie̯ ˈaut?",Gami da ud you have all figured?,ˈɡami da ud ˈiu hav ol ˈfiɡie̯d?
jibu_whats_wrong,Jibu,What's wrong?,wats won?,Li bok-no?,li ˈbokno?,Li bok-no broken?,li ˈbokno ˈbwokan?,Li broken?,li ˈbwokan?,Li bok broken?,li bok ˈbwokan?
jibu_frustration,Jibu,Get out of my face!,ɡet ˈaut av ˈmai fei̯s!,Ba ba nie mi wabad!,ba ba nie̯ mi ˈwabad!,Ba ba nie mi face!,ba ba nie̯ mi fei̯s!,Ba ba nie! Get out!,ba ba nie̯! ɡet ˈaut!,Ba ba get out my face!,ba ba ɡet ˈaut ˈmai fei̯s!
jibu_blames_kado,Jibu,I saw what you did!,ˈai so wat ˈiu did!,Xina-no mi ga-no e ipo!,ˈʃinano mi ˈɡano e ˈipo!,Xina-no mi ga-no did!,ˈʃinano mi ˈɡano did!,Mi ga-no did!,mi ˈɡano did!,Xina-no you did!,ˈʃinano ˈiu did!
jibu_kado_no_no,Jibu,You did a no-no!,ˈiu did a ˈnono!,Ga-no mi ga-ni!,ˈɡano mi ˈɡani!,E-ga-no no-no!,ˈeɡano ˈnono!,E-ga-no no-no!,ˈeɡano ˈnono!,Nie ba la no-no!,nie̯ ba la ˈnono!
jibu_bickering_kado,Jibu,You mean!,ˈiu min!,E gode!,e ˈɡode!,E gode! mean!,e ˈɡode! min!,E gode! mean!,e ˈɡode! min!,E good mean!,e ɡud min!
jibu_bickering_response_kado,Jibu,You leave me alone!,ˈiu liv mi ˈalon!,E-va ba ba mi!,ˈeva ba ba mi!,E-va ba ba me alone!,ˈeva ba ba mi ˈalon!,E-va ba fa me leave!,ˈeva ba fa mi liv!,E-va go away me,ˈeva ɡo ˈawei̯ mi
jibu_looks_to_vilo_approval,Jibu,That good?,dat ɡud?,Ked-ba ixena?,ˈkedba ˈiʃena?,Ked-ba good?,ˈkedba ɡud?,Good? Ked-ba?,ɡud? ˈkedba?,Ked-ba good?,ˈkedba ɡud?
jibu_late_to_work,Jibu,Why you so late to work?,ˈwai ˈiu so lei̯t tu wek?,Li e keto bo a bexa?,li e ˈketo bo a ˈbeʃa?,Li bana ipo e late!,li ˈbana ˈipo e lei̯t!,"Li bana, why you late?","li ˈbana, ˈwai ˈiu lei̯t?",Li banada you late work?,li ˈbanada ˈiu lei̯t wek?
jibu_questions_vilo,Jibu,What else to do?,wat els tu du?,Li ga ipo?,li ɡa ˈipo?,Li ga what?,li ɡa wat?,Li ga what else?,li ɡa wat els?,Li what else do?,li wat els du?
jibu_complains_to_kado,Jibu,Bad day.,bad dei̯.,da bed bad,da bed bad,Da bed bad day!,da bed bad dei̯!,Bana bad.,ˈbana bad.,Da bed bad day!,da bed bad dei̯!
jibu_celebration,Jibu,Woohoo!,ˈwuhu!,Wu-hu!,ˈwuhu!,Wu-hu! yay!,ˈwuhu! ˈie̯i!,Wu-hu! Woohoo!,ˈwuhu! ˈwuhu!,Wu-hu! Woohoo!,ˈwuhu! ˈwuhu!
jibu_system_all_fixed,Jibu,All fixed!,ol fikst!,Mogaxi!,ˈmoɡaʃi!,Mogaxi all,ˈmoɡaʃi ol,Mogaxi! Fixed!,ˈmoɡaʃi! fikst!,Moga all fixed!,ˈmoɡa ol fikst!
jibu_repaired_display_1,Jibu,Heyyyyyyy!,hei̯iiiˈiii!,Hei!,hei̯!,Hei! Hey!,hei̯! hei̯!,Hei! Heyyyyyyy!,hei̯! hei̯iiiˈiii!,Hei! Hey!,hei̯! hei̯!
jibu_relief_exhausted_slump,Jibu,I need vacation.,ˈai nid ˈvei̯kei̯ʃan.,Migaba mi ka bexani,ˈmiɡaba mi ka ˈbeʃani,Migaba mi vacation!,ˈmiɡaba mi ˈvei̯kei̯ʃan!,Migaba mi vacation,ˈmiɡaba mi ˈvei̯kei̯ʃan,Migaba me vacation need,ˈmiɡaba mi ˈvei̯kei̯ʃan nid
jibu_vilo_office_talk,Jibu,Batuu weather is poodoo.,ˈbatuu ˈwede is ˈpudu.,Ked da weta Batuu ni-ixena.,ked da ˈweta ˈbatuu niˈiʃena.,Ked timad da Batuu poodoo,ked ˈtimad da ˈbatuu ˈpudu,Poodoo! Ked muba.,ˈpudu! ked ˈmuba.,Mica weather poodoo!,ˈmaika ˈwede ˈpudu!
jibu_locks_eyes_kado,Jibu,No time for jokes!,no ˈtaim ˈfoo dʒoks!,Nie bed a la pokta!,nie̯ bed a la ˈpokta!,Nie ba lali jokes!,nie̯ ba ˈlali dʒoks!,Bana-nie no! No jokes!,ˈbananie̯ no! no dʒoks!,Nie ba no time!,nie̯ ba no ˈtaim!
jibu_sneeze,Jibu,Ah-choo!,ˈahtʃu!,Besu!,ˈbesu!,Apóa! Ah-choo!,ˈapa! ˈahtʃu!,A-o! Achoo!,ˈao! ˈatʃu!,"Hei, Achoo!","hei̯, ˈatʃu!"
jibu_quota_we_can_do_it,Jibu,We can do it!,wi kan du it!,Ba ga gami mi ipo,ba ɡa ˈɡami mi ˈipo,Ga-gami mi can do!,ˈɡaɡami mi kan du!,Ga-medipo meded! We can!,ɡaˈmedipo ˈmeded! wi kan!,Gami we can do!,ˈɡami wi kan du!
jibu_speeder_say_more,Jibu,Say more!,sei̯ ˈmoo!,La ud!,la ud!,La-bo more!,ˈlabo ˈmoo!,La bano! More!,la ˈbano! ˈmoo!,La-mo say more!,ˈlamo sei̯ ˈmoo!
jibu_hutt_droid_done,Jibu,All done! All fixie!,ol dan! ol ˈfiksie̯!,Ga-d! Mogaxi-d!,ɡa.d! ˈmoɡaʃid!,Ga-no dabo fixie!,ˈɡano ˈdabo ˈfiksie̯!,Ga-ded! All fixie!,ˈɡaded! ol ˈfiksie̯!,Mogaxi! All done! Fixie!,ˈmoɡaʃi! ol dan! ˈfiksie̯!
jibu_protocol_droid_busy,Jibu,Not yet! Busy busy!,nat ie̯t! ˈbisi ˈbisi!,Nie-mo! Bexa bexa!,ˈnie̯mo! ˈbeʃa ˈbeʃa!,Nie-mo! Busy busy!,ˈnie̯mo! ˈbisi ˈbisi!,Nie-mo! Busy busy!,ˈnie̯mo! ˈbisi ˈbisi!,Nie-mo! Busy busy!,ˈnie̯mo! ˈbisi ˈbisi!
jibu_oga_cantina_mess_v2,Jibu,Cantina very messy. Oga not happy.,ˈkantina ˈvewi ˈmesi. ˈoɡa nat ˈhapi.,Da cantina mumuba boken. Ipo ni ixena.,da ˈkantina ˈmumuba ˈboken. ˈipo ni ˈiʃena.,Da kantina po-d badi. Oga not happy.,da ˈkantina po.d ˈbadi. ˈoɡa nat ˈhapi.,Da kantina bexani Oga not happy,da ˈkantina ˈbeʃani ˈoɡa nat ˈhapi,Ka-ked Oga not happy!,ˈkaked ˈoɡa nat ˈhapi!
jibu_oga_boom_boom,Jibu,Cantina go boom boom.,ˈkantina ɡo bum bum.,Ba bo cantina bo bo,ba bo ˈkantina bo bo,Ga-no da kentina boom,ˈɡano da ˈkentina bum,Ba bo boom boom,ba bo bum bum,Ba kena boom boom!,ba ˈkena bum bum!
jibu_jedi_ooh,Jibu,Oooooohh.... A Jedi!,ˈuuuhh.... a ˈdʒedai!,Uuuuuu... Jedi!,uuuˈuuu... ˈdʒedi!,Uu Jedu-a! Jedi!,ˈuu ˈdʒedua! ˈdʒedai!,Ked Jibu! Jedi!,ked ˈdʒibu! ˈdʒedai!,"Uuuuu, Jedi!","uuˈuuu, ˈdʒedai!"
jibu_guest_offworlders_happy,Jibu,Offworlders so happy!,ˈoffwowldews so ˈhapi!,Offworlder-po ixa-ixa!,ofˈfwowldewpo iˈʃaiʃa!,Ixo ud happy!,ˈiʃo ud ˈhapi!,Ixa happy!,ˈiʃa ˈhapi!,Ixena so happy!,ˈiʃena so ˈhapi!
jibu_guest_jibu_funny,Jibu,Jibu is funny!,ˈdʒibu is ˈfani!,Ked-ba ipo xo-tole a Jibu!,ˈkedba ˈipo ˈʃotole a ˈdʒibu!,Ked-ba ipo funny!,ˈkedba ˈipo ˈfani!,Ked Jibu ixa! Very funny!,ked ˈdʒibu ˈiʃa! ˈvewi ˈfani!,Bana funny!,ˈbana ˈfani!
jibu_guest_having_fun,Jibu,Offworlder having fun!,ˈoffwowldew ˈhavin fan!,Ipo banad ixena,ˈipo ˈbanad ˈiʃena,Ipo ud fun!,ˈipo ud fan!,Ipo fun!,ˈipo fan!,ipo fun!,ˈipo fan!
jibu_guest_laughing_at_us,Jibu,Are they laughing at us?,ˈaa dei̯ ˈlafin at as?,Li ga-mo ipo po-mi xina?,li ˈɡamo ˈipo ˈpomi ˈʃina?,Li galali-ni po-mi? laughing?,li ɡaˈlalini ˈpomi? ˈlafin?,Li med po boken? Laugh us?,li med po ˈboken? laf as?,Li ga-xina they laughing at us?,li ˈɡaʃina dei̯ ˈlafin at as?
jibu_guest_they_mad,Jibu,"Oh no, they mad. Hope they not mad at us.","o no, dei̯ mad. hop dei̯ nat mad at as.",A-o! Ipo goda. Sal mu-ipo ni ivo-a meded.,ˈao! ˈipo ˈɡoda. sal ˈmuipo ni ˈivoa ˈmeded.,"A-o, da ikeda goda. They mad!","ˈao, da ˈikei̯da ˈɡoda. dei̯ mad!","Nie, goda ta! They mad. Not mad us.","nie̯, ˈɡoda ta! dei̯ mad. nat mad as.","A-o nie, they mad. Hope they not mad at us.","ˈao nie̯, dei̯ mad. hop dei̯ nat mad at as."
jibu_guest_angry_bother,Jibu,Angry people always bother us.,ˈanɡwi ˈpipal ˈolwei̯s ˈbade as.,Godi-va med abo udmo buma-mi,ˈɡodiva med ˈabo ˈudmo ˈbumami,Nad med bana ga-mo angry!,nad med ˈbana ˈɡamo ˈanɡwi!,Goda med! Always bother!,ˈɡoda med! ˈolwei̯s ˈbade!,Bana people angry always bother us,ˈbana ˈpipal ˈanɡwi ˈolwei̯s ˈbade as
jibu_guest_white_shirt,Jibu,"Ooh, somebody has a white shirt!","u, ˈsambadi has a ˈwait ʃet!","Aoxe, ipo buma da kape paka!","ˈaoʃe, ˈipo ˈbuma da ˈkape ˈpaka!",Da di waba ipo ga-bi! white shirt!,da di ˈwaba ˈipo ˈɡabi! ˈwait ʃet!,Aaxe! Somebody white shirt!,ˈaaʃe! ˈsambadi ˈwait ʃet!,Ba-ipama white shirt!,baˈipama ˈwait ʃet!
jibu_guest_purple_hair,Jibu,Ooohhh.... Someone has purple hair. Me like!,ˈuohhh.... ˈsamwan has ˈpepal ˈhee. mi ˈlaik!,Uuuuu... Ked ka xiba kapa. Mi miga!,uuˈuuu... ked ka ˈʃiba ˈkapa. mi ˈmiɡa!,Axo ka muni po veta. Me like!,ˈaʃo ka ˈmiuni po ˈveta. mi ˈlaik!,Da mina kabi po-xiba! Me like!,da ˈmina ˈkabi ˈpoʃiba! mi ˈlaik!,Ohhuuo! Someone has purple hair. Me like!,ohˈhuuo! ˈsamwan has ˈpepal ˈhee. mi ˈlaik!
jibu_guest_pink_hair,Jibu,Ooohhh.... Somebody have pink hair. Nice!,ˈuohhh.... ˈsambadi hav pink ˈhee. ˈnais!,Uuuu... da bi-xiba ga-buma. Ixena!,uˈuuu... da ˈbiʃiba ˈɡabuma. ˈiʃena!,Ixena! Somebody have pink hair.,ˈiʃena! ˈsambadi hav pink ˈhee.,"A mu-muba, nice hair!","a ˈmumuba, ˈnais ˈhee!",Bomu! Somebody have pink hair,ˈbomu! ˈsambadi hav pink ˈhee
jibu_guest_green_hair,Jibu,Ahhhhhhh.... Offworlder has green hair!,ahhhhhhh.... ˈoffwowldew has ɡwin ˈhee!,Aaaa... Da offworlder ka viba kapa,aˈaaa... da ˈoffwowldew ka ˈviba ˈkapa,Da faexa kapa! Hair green!,da ˈfaeʃa ˈkapa! ˈhee ɡwin!,A-o green hair!,ˈao ɡwin ˈhee!,Aiee! Offworlder green hair!,ˈaie̯e! ˈoffwowldew ɡwin ˈhee!
jibu_guest_blue_hair,Jibu,Ooohhh.... Look at Offworlder -- blue hair nice nice!,ˈuohhh.... luk at ˈoffwowldew -- blu ˈhee ˈnais ˈnais!,Oohh... Xina a po-offwoled a kapa ixena ixena!,ˈoohh... ˈʃina a poˈoffwoled a ˈkapa ˈiʃena ˈiʃena!,Kapa bibe ixena ixena! Look Offworlder!,ˈkapa ˈbibe ˈiʃena ˈiʃena! luk ˈoffwowldew!,Li xina ipo! Blue hair nice nice!,li ˈʃina ˈipo! blu ˈhee ˈnais ˈnais!,Wuhoh! Look Offworlder blue hair nice nice,ˈwuhoh! luk ˈoffwowldew blu ˈhee ˈnais ˈnais
jibu_guest_hey,Jibu,Hey!,hei̯!,Hei!,hei̯!,Hei! hey!,hei̯! hei̯!,Hei! Hey!,hei̯! hei̯!,Hei! Hey!,hei̯! hei̯!
jibu_guest_know_you,Jibu,Oh. Hi. I know you?,o. ˈhai. ˈai no ˈiu?,"Oh, adega. Banada e ipo?","oh, ˈadeɡa. ˈbanada e ˈipo?","Oh, adega. I know?","o, ˈadeɡa. ˈai no?","Adaga mi, you know?","ˈadaɡa mi, ˈiu no?",Adega I know you?,ˈadeɡa ˈai no ˈiu?
jibu_guest_he_grumpy,Jibu,"Between us, he grumpy.","ˈbitwin as, hi ˈɡwampi.",A mi a ipo goda,a mi a ˈipo ˈɡoda,Fa med goda grumpy,fa med ˈɡoda ˈɡwampi,Ipo goda. He grumpy.,ˈipo ˈɡoda. hi ˈɡwampi.,Ipo he grumpy.,ˈipo hi ˈɡwampi.
jibu_guest_gotta_work,Jibu,"Sorry, I gotta get back to work.","ˈsawi, ˈai ˈɡata ɡet bak tu wek.","kikamie, ba ba bexa","ˈkikamie̯, ba ba ˈbeʃa",Kikamie! Ba bexa go work!,ˈkikamie̯! ba ˈbeʃa ɡo wek!,"Sorry, ba bexa mi","ˈsawi, ba ˈbeʃa mi","Kikamie, I gotta go work!","ˈkikamie̯, ˈai ˈɡata ɡo wek!"
jibu_react_oh_interesting_v2,Jibu,Ooooh!,ˈuuh!,Ya-hei,ˈiahei̯,Ya-hei! Ooooh!,ˈiahei̯! ˈuuh!,Ya-hei! Ooooh!,ˈiahei̯! ˈuuh!,Ya-hei! ooooh!,ˈiahei̯! ˈuuh!
jibu_react_oh_i_see_v2,Jibu,Ah! I see.,a! ˈai si.,A-a! Mi xina,ˈaa! mi ˈʃina,Li ipo see!,li ˈipo si!,Xina ipo! Ah!,ˈʃina ˈipo! a!,Hei! I see,hei̯! ˈai si
jibu_react_didnt_hear_v2,Jibu,I don't hear anything.,ˈai dont ˈhii ˈenitin.,Nie hena mi nipo,nie̯ ˈhena mi ˈnipo,Nie hena mi nothing,nie̯ ˈhena mi ˈnatin,"Nie, nipo! Hear nothing!","nie̯, ˈnipo! ˈhii ˈnatin!",Nie hear nothing!,nie̯ ˈhii ˈnatin!
jibu_react_off_planet_v2,Jibu,I was in the Wilds. I miss everything.,ˈai was in da ˈwailds. ˈai mis ˈevwitin.,Ga-no mi a wabal. Ga-mi ga ud mi.,ˈɡano mi a ˈwabal. ˈɡami ɡa ud mi.,Ga-no mi ba-a timad. I miss everything.,ˈɡano mi ˈbaa ˈtimad. ˈai mis ˈevwitin.,I miss everything! Ga-no mi a ked-mo.,ˈai mis ˈevwitin! ˈɡano mi a ˈkedmo.,Ga-no mi a timadib. I miss everything.,ˈɡano mi a ˈtimadib. ˈai mis ˈevwitin.
jibu_react_nope,Jibu,Nope. Nope nope.,nop. nop nop.,Nie nie. Nie nie nie.,nie̯ nie̯. nie̯ nie̯ nie̯.,Nie Nie nope.,nie̯ nie̯ nop.,Nie no no.,nie̯ no no.,Nie nope nope.,nie̯ nop nop.
jibu_react_cant_remember_v2,Jibu,Me no know.,mi no no.,Nie banada-mi,nie̯ baˈnadami,Nie banada me no,nie̯ ˈbanada mi no,"Nie, no know","nie̯, no no",Nie no know!,nie̯ no no!
jibu_react_no_way_v2,Jibu,Ooh! Really?,u! ˈwili?,"Ya-hei, na-nad?","ˈiahei̯, ˈnanad?",Aaae! really?,aˈaae! ˈwili?,Aaxe! Really?,ˈaaʃe! ˈwili?,Aoxe! real? yes?,ˈaoʃe! wil? ie̯s?
jibu_react_go_on_v2,Jibu,Oh! Go on.,o! ɡo an.,A-o! Ba a-ke!,ˈao! ba ˈake!,Aapo! Go on!,ˈaapo! ɡo an!,"Aoxe, go on","ˈaoʃe, ɡo an",Ba on!,ba an!
jibu_react_sure_v2,Jibu,Sure sure.,ˈʃuu ˈʃuu.,"Na-nad, na-nad","ˈnanad, ˈnanad",Na-nad sure,ˈnanad ˈʃuu,Nad sure.,nad ˈʃuu.,"Na-nad, sure sure.","ˈnanad, ˈʃuu ˈʃuu."
jibu_react_oh_okay_v2,Jibu,Okie okie.,ˈoki ˈoki.,a a,a a,Nadixe okie,ˈnadiʃe ˈoki,Aaxe Okie,ˈaaʃe ˈoki,Nadixe okie okie,ˈnadiʃe ˈoki ˈoki
jibu_react_makes_sense_v2,Jibu,That make sense.,dat mei̯k sens.,Ked-ba ga ixena,ˈkedba ɡa ˈiʃena,Li ga make sense,li ɡa mei̯k sens,That ixena,dat ˈiʃena,Ked-ba make sense,ˈkedba mei̯k sens
jibu_react_oh_no_v2,Jibu,Oh no no.,o no no.,A-o nie nie.,ˈao nie̯ nie̯.,Nie nie no,nie̯ nie̯ no,Nie nie! Oh no!,nie̯ nie̯! o no!,Nie no no!,nie̯ no no!
jibu_react_really_v2,Jibu,Really really?,ˈwili ˈwili?,Ga-ga-li?,ˈɡaɡali?,Na-nad? really?,ˈnanad? ˈwili?,Na-nad? really?,ˈnanad? ˈwili?,Na-nad? really really?,ˈnanad? ˈwili ˈwili?
jibu_react_fair_enough_v2,Jibu,Fair fair.,ˈfee ˈfee.,Abo abo,ˈabo ˈabo,Bana nod fair,ˈbana nad ˈfee,Abo fair,ˈabo ˈfee,Abo fair fair!,ˈabo ˈfee ˈfee!
jibu_react_noted_v2,Jibu,Roger roger.,ˈwadʒe ˈwadʒe.,Mi mi,mi mi,Nad roger,nad ˈwadʒe,Nad roger,nad ˈwadʒe,Ba-no roger roger,ˈbano ˈwadʒe ˈwadʒe
jibu_react_could_be_worse_v2,Jibu,Oh. I thought it would be much worse!,o. ˈai tot it wud bi matʃ wes!,"Aoxe, ga-no banada ni bo ud gade!","ˈaoʃe, ˈɡano ˈbanada ni bo ud ˈɡade!",Mi ga-nipo ni-re ud ixena no worse!,mi ˈɡanipo niw ud ˈiʃena no wes!,Abo be-no! Much worse!,ˈabo ˈbeno! matʃ wes!,Mi banada much worse problem!,mi ˈbanada matʃ wes ˈpwablam!
jibu_today_too_much,Jibu,I have so much to do today. So much.,ˈai hav so matʃ tu du ˈtadei̯. so matʃ.,Ud ga be bed mi. Ud ga.,ud ɡa be bed mi. ud ɡa.,Ga-mi ga ud be-ta bed-no. So much.,ˈɡami ɡa ud ˈbeta ˈbedno. so matʃ.,Ga ud mi ga bano. So much.,ɡa ud mi ɡa ˈbano. so matʃ.,Ga-ud-a mi I have so much to do today.,ˈɡauda mi ˈai hav so matʃ tu du ˈtadei̯.
jibu_so_much_today,Jibu,So much to do today!,so matʃ tu du ˈtadei̯!,Ud ga da bed!,ud ɡa da bed!,Ba gapa ga ud bed! today!,ba ˈɡapa ɡa ud bed! ˈtadei̯!,Ud ga ba work!,ud ɡa ba wek!,"Ud mi, so much to do!","ud mi, so matʃ tu du!"
jibu_today_too_many_orders,Jibu,Too many orders. Busy going all day.,tu ˈmeni ˈodes. ˈbisi ɡoi̯n ol dei̯.,Ud ud pena-bexa. Ba-mo med bed.,ud ud peˈnabeʃa. ˈbamo med bed.,Bebana tumunie bexani. All day busy!,ˈbebana ˈtumunie̯ ˈbeʃani. ol dei̯ ˈbisi!,Too many orders. Bexa nad udu.,tu ˈmeni ˈodes. ˈbeʃa nad ˈudu.,"Bexa ud, too many orders busy going all day","ˈbeʃa ud, tu ˈmeni ˈodes ˈbisi ɡoi̯n ol dei̯"
jibu_marketplace_busy,Jibu,Marketplace busy this morning!,ˈmakatplei̯s ˈbisi dis ˈmonin!,Ba-mo da market bima!,ˈbamo da ˈmakat ˈbima!,Ked djoid ibama busy!,ked dʒoi̯d ˈibama ˈbisi!,Ket muba hot day!,ket ˈmuba hat dei̯!,buxa Market busy!,ˈbuʃa ˈmakat ˈbisi!
jibu_weird_something_off_v2,Jibu,Weird. Definitely weird weird.,wid. deˈfanatli wid wid.,xeru. na-nad xeru xeru.,ˈksewu. ˈnanad ˈksewu ˈksewu.,"Na-nad nixa, weird!","ˈnanad ˈniʃa, wid!",Ipo kao. Weird weird.,ˈipo ˈkau. wid wid.,Na-nad weird weird weird,ˈnanad wid wid wid
jibu_heard_something_earlier,Jibu,Hmmm. I heard something bout that earlier,hm. ˈai hed ˈsamtin ˈbaut dat ˈelie̯,Hmmm. Hena-no mi bo-la tepe,hmmm. ˈhenano mi ˈbola ˈtepe,Hena-no mi pena something bla,ˈhenano mi ˈpena ˈsamtin bla,Hena-no mi bana Something bout that,ˈhenano mi ˈbana ˈsamtin ˈbaut dat,Hena mi heard something bout,ˈhena mi hed ˈsamtin ˈbaut
jibu_weird_probably_fine,Jibu,It's probably fine. It's fine. Right?,its ˈpwababli ˈfain. its ˈfain. ˈwait?,Dixi ixena. Ixena. Li?,ˈdiʃi ˈiʃena. ˈiʃena. li?,"Ketixa ked ixena. It fine, li?","ˈketiʃa ked ˈiʃena. it ˈfain, li?","Ket ixena, li? It’s fine.","ket ˈiʃena, li? it’s ˈfain.","Ixena. Maybe fine, yes li?","ˈiʃena. ˈmei̯bi ˈfain, ie̯s li?"
jibu_sure_its_fine,Jibu,It fine. I'm sure it fine. Right?,it ˈfain. ˈaim ˈʃuu it ˈfain. ˈwait?,"Ixena. Ga-gami mi ke ixena, nad?","ˈiʃena. ˈɡaɡami mi ke ˈiʃena, nad?",Mi gami ixena. It fine.,mi ˈɡami ˈiʃena. it ˈfain.,Ipo ixena. It fine. Sure it.,ˈipo ˈiʃena. it ˈfain. ˈʃuu it.,"Ixena. it fine, I sure good, right?","ˈiʃena. it ˈfain, ˈai ˈʃuu ɡud, ˈwait?"
jibu_smalltalk_almost_there,Jibu,Almost there! I think!,ˈolmost ˈdee! ˈai tink!,Ga banada!,ɡa ˈbanada!,Ba-mo ked-ba! think!,ˈbamo ˈkedba! tink!,Banada ipo! Almost there!,ˈbanada ˈipo! ˈolmost ˈdee!,Bano! Almost there!,ˈbano! ˈolmost ˈdee!
jibu_smalltalk_one_more_thing_v2,Jibu,"One more, then break!","wan ˈmoo, den bwei̯k!","Ka ud moga-no, le ga no!","ka ud ˈmoɡano, le ɡa no!","Be ka, break!","be ka, bwei̯k!",Bana bani! One more!,ˈbana ˈbani! wan ˈmoo!,"Ka ba one more, break!","ka ba wan ˈmoo, bwei̯k!"
jibu_bye_bye_guest,Jibu,Bye bye!,ˈbai ˈbai!,Bai bai!,ˈbai ˈbai!,Bama bye!,ˈbama ˈbai!,Bama bye!,ˈbama ˈbai!,Bama bye bye!,ˈbama ˈbai ˈbai!
jibu_guest_lightsaber,Jibu,Ohhhhh... are you a Jedi?,ohhhhh... ˈaa ˈiu a ˈdʒedai?,"Uuuuu, li e ka Jedi?","uuˈuuu, li e ka ˈdʒedi?","Uuuuu, li e ka Jedi?","uuˈuuu, li e ka ˈdʒedai?","Uuuuu, li Jedi?","uuˈuuu, li ˈdʒedai?","Uuuu, you Jedi?","uˈuuu, ˈiu ˈdʒedai?"
jibu_guest_phone_camera_selfie,Jibu,Oh! Picture! Okay!,o! ˈpiktʃe! ˈokei̯!,"Oh, pikta! Aaxe!","oh, ˈpikta! ˈaaʃe!","Oh, pikta! okay!","o, ˈpikta! ˈokei̯!","Oh, pikta! Okay!","o, ˈpikta! ˈokei̯!",Pikta! Okay!,ˈpikta! ˈokei̯!
jibu_guest_compliment,Jibu,Oh. Thank you. Thank you much.,o. tank ˈiu. tank ˈiu matʃ.,"Oh, degamie. degagamie.","oh, ˈdeɡamie̯. deˈɡaɡamie̯.","Oh, degagamie much, thank you!","o, deˈɡaɡamie̯ matʃ, tank ˈiu!","Oh, degagamie. Thank you.","o, deˈɡaɡamie̯. tank ˈiu.",Degaemi Oh thank you much,deˈɡaemi o tank ˈiu matʃ
jibu_guest_called_cute,Jibu,Oh. Me? Cute? Oh.,o. mi? ˈkiut? o.,Li mi? Li momo? Ohhh.,li mi? li ˈmomo? ohhh.,Li mi? Cute!,li mi? ˈkiut!,Li mi? Cute?,li mi? ˈkiut?,Li mi? So cute!,li mi? so ˈkiut!
jibu_guest_holds_up_grogu,Jibu,Bad baby! No! Away!,bad ˈbei̯bi! no! ˈawei̯!,Bad bebi! Nie! Ba!,bad ˈbebi! nie̯! ba!,Bad bebi! No! Ba,bad ˈbebi! no! ba,Bad bebi! No!,bad ˈbebi! no!,Bad bebi! No! Go away!,bad ˈbebi! no! ɡo ˈawei̯!
jibu_guest_holds_up_toy_droid,Jibu,That droid! We fix that!,dat dwoi̯d! wi fiks dat!,Ked-ba djoid! Moga med ked-ba!,ˈkedba dʒoi̯d! ˈmoɡa med ˈkedba!,Ked-ba djoid! Fix that!,ˈkedba dʒoi̯d! fiks dat!,Ked-ba djoid! We fix!,ˈkedba dʒoi̯d! wi fiks!,"Ked-ba droid, we fix that!","ˈkedba dwoi̯d, wi fiks dat!"
jibu_guest_kid_waves,Jibu,Hello little one! Hi!,ˈhalo ˈlital wan! ˈhai!,Adega anzabi! Hai!,ˈadeɡa ˈansabi! ˈhai!,Adega anzabi! Hi!,ˈadeɡa ˈansabi! ˈhai!,Adega hi! Little one!,ˈadeɡa ˈhai! ˈlital wan!,Adega hi little one!,ˈadeɡa ˈhai ˈlital wan!
jibu_guest_kid_hi,Jibu,Hello! Hi hi!,ˈhalo! ˈhai ˈhai!,Adega. Hai hai!,ˈadeɡa. ˈhai ˈhai!,Adega! Hi!,ˈadeɡa! ˈhai!,Adega! Hi hi!,ˈadeɡa! ˈhai ˈhai!,Adega! Hi hi!,ˈadeɡa! ˈhai ˈhai!
jibu_guest_adult_waves,Jibu,Oh. Hello. Hi.,o. ˈhalo. ˈhai.,"Oh, adega. Hai.","oh, ˈadeɡa. ˈhai.",Adega. Hi!,ˈadeɡa. ˈhai!,"Oh, adega. Hi.","o, ˈadeɡa. ˈhai.",Adega Hello hi,ˈadeɡa ˈhalo ˈhai
jibu_guest_adult_hi,Jibu,Oh. Hi hi.,o. ˈhai ˈhai.,"Oh, hai hai.","oh, ˈhai ˈhai.",Adega oh. Hi,ˈadeɡa o. ˈhai,"Oh, adega. Hi hi.","o, ˈadeɡa. ˈhai ˈhai.",Adega hi hi.,ˈadeɡa ˈhai ˈhai.
jibu_guest_says_its_hot,Jibu,Hot? Check fans!,hat? tʃek fans!,Li muba? Ba xina ta tomigad!,li ˈmuba? ba ˈʃina ta ˈtomiɡad!,Li muba? Fans broken!,li ˈmuba? fans ˈbwokan!,Li muba? Check fans!,li ˈmuba? tʃek fans!,Li muba? fans broken!,li ˈmuba? fans ˈbwokan!
jibu_guest_says_its_cold,Jibu,"Cold, really? Jibu check fans!","kold, ˈwili? ˈdʒibu tʃek fans!",Li ika? Jibu ba xina ta tomigad!,li ˈika? ˈdʒibu ba ˈʃina ta ˈtomiɡad!,Li ig? Ba xina Jibu check!,li iɡ? ba ˈʃina ˈdʒibu tʃek!,Li ika? Fans check!,li ˈika? fans tʃek!,Li ika? Jibu check fans!,li ˈika? ˈdʒibu tʃek fans!
jibu_guest_says_fixing_robots,Jibu,No no. Droids. Droids!,no no. dwoi̯ds. dwoi̯ds!,"Nie, nie. Djoids, djoids!","nie̯, nie̯. dʒoi̯ds, dʒoi̯ds!","Nie, nie. Droids!","nie̯, nie̯. dwoi̯ds!",Nie nie. Droids droids!,nie̯ nie̯. dwoi̯ds dwoi̯ds!,"Nie, no no droids!","nie̯, no no dwoi̯ds!"
jibu_guest_stroller_baby,Jibu,Hello baby! Good baby?,ˈhalo ˈbei̯bi! ɡud ˈbei̯bi?,Adega bebi! Bebi ixena?,ˈadeɡa ˈbebi! ˈbebi ˈiʃena?,Adega bebi! Good?,ˈadeɡa ˈbebi! ɡud?,Adega bebi! Good baby?,ˈadeɡa ˈbebi! ɡud ˈbei̯bi?,Adega baby good?,ˈadeɡa ˈbei̯bi ɡud?
jibu_hungry_to_vilo,Jibu,Me hungry.,mi ˈhanɡwi.,Mi ixa,mi ˈiʃa,Mi baba hungry!,mi ˈbaba ˈhanɡwi!,Ipo hungry,ˈipo ˈhanɡwi,Mi hungry!,mi ˈhanɡwi!
jibu_still_hungry,Jibu,Still hungry!,stil ˈhanɡwi!,Ni-mo ba pi-mi!,ˈnimo ba ˈpimi!,Ipo miga hungry!,ˈipo ˈmiɡa ˈhanɡwi!,Bado! Ga-mo!,ˈbado! ˈɡamo!,Ba-mo hungry!,ˈbamo ˈhanɡwi!
jibu_toy_repair_done,Jibu,"Kado, you finish toy repair?","ˈkado, ˈiu ˈfiniʃ toi̯ ˈwipee?","Kado, e-ba ba mo moga da wabad","ˈkado, ˈeba ba mo ˈmoɡa da ˈwabad","Kado, ba-moga toy broken?","ˈkado, ˈbamoɡa toi̯ ˈbwokan?",Ba moga toy Kado?,ba ˈmoɡa toi̯ ˈkado?,Ba-moga you finish toy repair?,ˈbamoɡa ˈiu ˈfiniʃ toi̯ ˈwipee?
jibu_assembly_line_stopped,Jibu,Assembly line all stop stop.,ˈasembli ˈlain ol stap stap.,Djoid-bama po-bani po-bani!,ˈdʒoi̯dbama ˈpobani ˈpobani!,Nie ba bana stop!,nie̯ ba ˈbana stap!,Stop stop! Nie ket tumunie!,stap stap! nie̯ ket ˈtumunie̯!,Bano bano! assembly line all stop stop!,ˈbano ˈbano! ˈasembli ˈlain ol stap stap!
jibu_what_color_shirt,Jibu,The Offworlder's shirt! What color is that?,da ˈoffwowldews ʃet! wat ˈkale is dat?,Ked-ba a Offworlder wabad! Li ked-ba kapa?,ˈkedba a ˈoffwowldew ˈwabad! li ˈkedba ˈkapa?,Ked-ba ka wabad! What color?,ˈkedba ka ˈwabad! wat ˈkale?,Da waba! What color that?,da ˈwaba! wat ˈkale dat?,Ked-ba wabad! What color that?,ˈkedba ˈwabad! wat ˈkale dat?
jibu_long_as_vilo_beard,Jibu,Almost as long as Vilo's beard.,ˈolmost as lon as ˈvilos bid.,Ta tib da Vilu a xiba no bono,ta tib da ˈvilu a ˈʃiba no ˈbono,Be-va tibana ba Vilu-va beard long,ˈbeva ˈtibana ba ˈviluva bid lon,Tibana ba Vilu beard.,ˈtibana ba ˈvilu bid.,Be-ta tibana beard almost as long Vilo,ˈbeta ˈtibana bid ˈolmost as lon ˈvilo
jibu_hair_curly,Jibu,Oooh! Offworlder hair curly curly!,u! ˈoffwowldew ˈhee ˈkeli ˈkeli!,Aaxe! Offwolda djonu djonu!,ˈaaʃe! ˈoffwolda ˈdʒonu ˈdʒonu!,Aaxe! Wibi curly curly!,ˈaaʃe! ˈwibi ˈkeli ˈkeli!,Ipo xina! Curly curly!,ˈipo ˈʃina! ˈkeli ˈkeli!,Haipo hair curly curly!,ˈhaipo ˈhee ˈkeli ˈkeli!
jibu_hair_blonde_like,Jibu,Offworlder hair very blonde. Jibu like.,ˈoffwowldew ˈhee ˈvewi bland. ˈdʒibu ˈlaik.,Da bebi xiba mumuba bede. Jibu ixena.,da ˈbebi ˈʃiba ˈmumuba ˈbede. ˈdʒibu ˈiʃena.,Ipo waba-be ta ixena bebi. Very blonde,ˈipo ˈwababe ta ˈiʃena ˈbebi. ˈvewi bland,Da wawa-va ixena. Jibu like.,da ˈwawava ˈiʃena. ˈdʒibu ˈlaik.,Waba muba-be very blonde. Jibu like.,ˈwaba ˈmubabe ˈvewi bland. ˈdʒibu ˈlaik.
jibu_guest_that_nice,Jibu,"Oh, that nice nice.","o, dat ˈnais ˈnais.","Oh, ked-ba ixen-ixen.","oh, ˈkedba iˈʃeniʃen.",Ked ixena ixena nice nice,ked ˈiʃena ˈiʃena ˈnais ˈnais,Ooh. ixena nice nice.,u. ˈiʃena ˈnais ˈnais.,Ked nice nice.,ked ˈnais ˈnais.
jibu_guest_bye_bye,Jibu,Bye! Bye bye!,ˈbai! ˈbai ˈbai!,Bai! Bai bai!,ˈbai! ˈbai ˈbai!,Ba-no! bye bye!,ˈbano! ˈbai ˈbai!,Bai bai! Bye bye!,ˈbai ˈbai! ˈbai ˈbai!,Bai! Bye bye!,ˈbai! ˈbai ˈbai!
jibu_systems_report_bad,Jibu,Systems Report is BAD. No Data!,ˈsistams ˈwipot is bad. no ˈdei̯ta!,Penaga boken bad. Nie ket nipo!,ˈpenaɡa ˈboken bad. nie̯ ket ˈnipo!,Pena-bexa nixena. No data!,peˈnabeʃa ˈniʃena. no ˈdei̯ta!,Nie ket nipo! Report bad!,nie̯ ket ˈnipo! ˈwipot bad!,La-no bad! No data!,ˈlano bad! no ˈdei̯ta!
jibu_comms_system_down,Jibu,Comms System is down!,komms ˈsistam is ˈdaun!,Ket ta penaga tumunie!,ket ta ˈpenaɡa ˈtumunie̯!,Ket tumunie system down!,ket ˈtumunie̯ ˈsistam ˈdaun!,Nie ket tumunie! Comms down!,nie̯ ket ˈtumunie̯! komms ˈdaun!,Nie ket tumu! comms down!,nie̯ ket ˈtumu! komms ˈdaun!
jibu_guest_best_journey,Jibu,Best Journey!,best ˈdʒeni!,Ud bama!,ud ˈbama!,Bama best!,ˈbama best!,Bexami! Best!,ˈbeʃami! best!,Be-a good journey!,ˈbea ɡud ˈdʒeni!
jibu_react_fine_fine,Jibu,Fine. Fine.,ˈfain. ˈfain.,Ixena. Ixena.,ˈiʃena. ˈiʃena.,Ixena good!,ˈiʃena ɡud!,Ixena! Fine.,ˈiʃena! ˈfain.,"Ixena fine, fine!","ˈiʃena ˈfain, ˈfain!"
jibu_guest_introductions,Jibu,"Oh, hi hi! My name Jibu!","o, ˈhai ˈhai! ˈmai nei̯m ˈdʒibu!",a-a adega! Mi ka-na Jibu!,ˈaa ˈadeɡa! mi ˈkana ˈdʒibu!,A-a nad. Jibu name!,ˈaa nad. ˈdʒibu nei̯m!,Axe adega! My name Jibu!,aks ˈadeɡa! ˈmai nei̯m ˈdʒibu!,Nad! My name Jibu!,nad! ˈmai nei̯m ˈdʒibu!
jibu_guest_giveup_1,Jibu,Okey dokey then.,ˈoki ˈdoki den.,Aaxe bano,ˈaaʃe ˈbano,Aaxe then,ˈaaʃe den,Ba-mo okey dokey,ˈbamo ˈoki ˈdoki,Abobo! Okay dokey,ˈabobo! ˈokei̯ ˈdoki
jibu_guest_giveup_2,Jibu,Back to work. Work work work.,bak tu wek. wek wek wek.,Ba bexa. Bexa bexa bexa.,ba ˈbeʃa. ˈbeʃa ˈbeʃa ˈbeʃa.,"Ba bexa, bexa bexa work work.","ba ˈbeʃa, ˈbeʃa ˈbeʃa wek wek.",Back to work! Ba bexa!,bak tu wek! ba ˈbeʃa!,Abobo! Back work work!,ˈabobo! bak wek wek!
jibu_guest_giveup_3,Jibu,Busy day. All busy busy.,ˈbisi dei̯. ol ˈbisi ˈbisi.,Beded no. Be-beded beded.,ˈbeded no. ˈbebeded ˈbeded.,"Ga-no bed po-dega, all busy!","ˈɡano bed ˈpodeɡa, ol ˈbisi!",Ud bed bed! Very busy!,ud bed bed! ˈvewi ˈbisi!,Ud bedebe. All busy busy.,ud ˈbedebe. ol ˈbisi ˈbisi.
jibu_guest_what_are_you_doing,Jibu,Jibu having fun fun!,ˈdʒibu ˈhavin fan fan!,Jibu ipo ixa ixa!,ˈdʒibu ˈipo ˈiʃa ˈiʃa!,Jibu ipo fun fun!,ˈdʒibu ˈipo fan fan!,Jibu ipo ixa fun fun!,ˈdʒibu ˈipo ˈiʃa fan fan!,Dexa fun fun!,ˈdeʃa fan fan!
jibu_guest_whats_that_droid,Jibu,Dwoid boken. Broke broke broke.,dwoi̯d ˈboken. bwok bwok bwok.,Da djoid boken. Boken boken boken.,da dʒoi̯d ˈboken. ˈboken ˈboken ˈboken.,Da djoid boken. Broke!,da dʒoi̯d ˈboken. bwok!,Da djoid boken. Broke broke.,da dʒoi̯d ˈboken. bwok bwok.,Da djoid boken. Broke broke broke.,da dʒoi̯d ˈboken. bwok bwok bwok.
jibu_guest_hello,Jibu,Oh! Hello hello!,o! ˈhalo ˈhalo!,"Oh, adega. Adega!","oh, ˈadeɡa. ˈadeɡa!","Oh, adega. Hello!","o, ˈadeɡa. ˈhalo!","Oh, adega. Hello hello!","o, ˈadeɡa. ˈhalo ˈhalo!",adega Hello hello!,ˈadeɡa ˈhalo ˈhalo!
jibu_guest_youre_so_cute,Jibu,Me cute? I think you mean one of them.,mi ˈkiut? ˈai tink ˈiu min wan av dem.,I ipo momo-va? Banada e ba-ka.,i ˈipo ˈmomova? ˈbanada e ˈbaka.,Mi momo? You mean one.,mi ˈmomo? ˈiu min wan.,Mi momo? You mean one.,mi ˈmomo? ˈiu min wan.,Mi momo? You mean one of them.,mi ˈmomo? ˈiu min wan av dem.
jibu_guest_can_you_weld,Jibu,Kado expert!,ˈkado ˈekspet!,"Kado, bexami!","ˈkado, ˈbeʃami!",Kado beeva! Expert!,ˈkado ˈbeeva! ˈekspet!,Kado expert!,ˈkado ˈekspet!,Ixena Kado expert!,ˈiʃena ˈkado ˈekspet!
jibu_guest_what_type_of_alien,Jibu,No one know Anzellans anymore...,no wan no ˈansellans eˈnimoo...,Nie po-nipo banada med anzabi bano...,nie̯ ˈponipo ˈbanada med ˈansabi ˈbano...,Nie gami med anzabi! nobody,nie̯ ˈɡami med ˈansabi! ˈnobadi,Nie gami! No one.,nie̯ ˈɡami! no wan.,Nie po-mi nobody know Anzellans,nie̯ ˈpomi ˈnobadi no ˈansellans
jibu_guest_babu_frik,Jibu,I hope I meet Babu one day.,ˈai hop ˈai mit ˈbabu wan dei̯.,Ga-mi bo xina mi Babu be djoid,ˈɡami bo ˈʃina mi ˈbabu be dʒoi̯d,Ga gami la Babu bed Hope meet,ɡa ˈɡami la ˈbabu bed hop mit,Ga-mo mi ba Babu one day,ˈɡamo mi ba ˈbabu wan dei̯,Mi banada I hope meet Babu one day,mi ˈbanada ˈai hop mit ˈbabu wan dei̯
jibu_guest_mandalorian,Jibu,No Mandalorian no bad baby!,no mandaˈlowian no bad ˈbei̯bi!,Nie Mandalorian nie bad bebi!,nie̯ mandaˈlowian nie̯ bad ˈbebi!,Nie bebi nixena! Mandalorian!,nie̯ ˈbebi ˈniʃena! mandaˈlowian!,Nie bebi! No bad!,nie̯ ˈbebi! no bad!,Nie bebi no bad baby!,nie̯ ˈbebi no bad ˈbei̯bi!
jibu_guest_what_can_you_do,Jibu,Build dwoids. No boken dwoids for us!,bild dwoi̯ds. no ˈboken dwoi̯ds ˈfoo as!,Ba duro djoid. Nie da boken djoid mi-xo!,ba ˈduwo dʒoi̯d. nie̯ da ˈboken dʒoi̯d ˈmiʃo!,Ba moga da djoid. No boken!,ba ˈmoɡa da dʒoi̯d. no ˈboken!,Ba moga da djoid. No boken dwoids!,ba ˈmoɡa da dʒoi̯d. no ˈboken dwoi̯ds!,Ba moga djoids. No boken droids for us!,ba ˈmoɡa dʒoi̯ds. no ˈboken dwoi̯ds ˈfoo as!
jibu_guest_you_look_ugly,Jibu,I hope they no talk about me...,ˈai hop dei̯ no tok ˈabaut mi...,Ga no napo pena ni mi,ɡa no ˈnapo ˈpena ni mi,Mi bana-nie... no talk,mi ˈbananie̯... no tok,Ga miga ta pena-ni mi no talk me,ɡa ˈmiɡa ta ˈpenani mi no tok mi,Mi tumunie no talk about me,mi ˈtumunie̯ no tok ˈabaut mi
jibu_guest_dont_you_take_time_off,Jibu,No time for breakie.,no ˈtaim ˈfoo ˈbwikie̯.,Nie timad bano bexani!,nie̯ ˈtimad ˈbano ˈbeʃani!,Nie med bano breakie!,nie̯ med ˈbano ˈbwikie̯!,Nie bano! No breakie.,nie̯ ˈbano! no ˈbwikie̯.,Bano no time breakie!,ˈbano no ˈtaim ˈbwikie̯!
jibu_guest_what_are_your_names,Jibu,Hello yes me Jibu.,ˈhalo ie̯s mi ˈdʒibu.,Adega nad mi Jibu.,ˈadeɡa nad mi ˈdʒibu.,Adega. Ked-ba me Jibu.,ˈadeɡa. ˈkedba mi ˈdʒibu.,Adega mi. Yes me.,ˈadeɡa mi. ie̯s mi.,Adega me yes Jibu.,ˈadeɡa mi ie̯s ˈdʒibu.
jibu_guest_grogu,Jibu,Jibu no like meeting strangers.,ˈdʒibu no ˈlaik ˈmitin ˈstwei̯ndʒes.,Jibu ga-no ni miga da bisu ka,ˈdʒibu ˈɡano ni ˈmiɡa da ˈbisu ka,Nie ga-no ipo strangers no,nie̯ ˈɡano ˈipo ˈstwei̯ndʒes no,Nie ba no like strangers!,nie̯ ba no ˈlaik ˈstwei̯ndʒes!,Nie Jibu no like strangers,nie̯ ˈdʒibu no ˈlaik ˈstwei̯ndʒes
jibu_guest_hugo_durant,Jibu,We hear he asleep. No good sleep at work.,wi ˈhii hi ˈaslip. no ɡud slip at wek.,Hena ba ipo mada. Nie mada ixena a bexa.,ˈhena ba ˈipo ˈmada. nie̯ ˈmada ˈiʃena a ˈbeʃa.,Nie ixena bexa! We hear he asleep.,nie̯ ˈiʃena ˈbeʃa! wi ˈhii hi ˈaslip.,Nie ixena bana bexa! He asleep!,nie̯ ˈiʃena ˈbana ˈbeʃa! hi ˈaslip!,Hena-no mi no good sleep at work.,ˈhenano mi no ɡud slip at wek.
jibu_guest_food_truck,Jibu,Jibu like new shop.,ˈdʒibu ˈlaik nu ʃap.,Ked-ba da Jibu ipo ixena pena-bexa,ˈkedba da ˈdʒibu ˈipo ˈiʃena peˈnabeʃa,Jibu miga bexa new,ˈdʒibu ˈmiɡa ˈbeʃa nu,Ked-ba ixena new shop,ˈkedba ˈiʃena nu ʃap,Jibu miga new shop,ˈdʒibu ˈmiɡa nu ʃap
jibu_guest_hugo_sleeping,Jibu,Oh no. He get in trouble for that.,o no. hi ɡet in ˈtwabal ˈfoo dat.,A-o. Ga po vado a-,ˈao. ɡa po ˈvado a-,Ipo vado mo! Oh no.,ˈipo ˈvado mo! o no.,Nie ipo gado! He get in trouble,nie̯ ˈipo ˈɡado! hi ɡet in ˈtwabal,A-o nie. He get in trouble for that.,ˈao nie̯. hi ɡet in ˈtwabal ˈfoo dat.
jibu_guest_what_are_you_working_on,Jibu,We make dwoids fix!,wi mei̯k dwoi̯ds fiks!,Ga med ba moga djoid,ɡa med ba ˈmoɡa dʒoi̯d,Ga djoid moga fix!,ɡa dʒoi̯d ˈmoɡa fiks!,Ba moga da dwoid! Fix now!,ba ˈmoɡa da dwoi̯d! fiks ˈnau!,Ga ba moga dwoid,ɡa ba ˈmoɡa dwoi̯d
jibu_guest_what_are_you_building,Jibu,Jibu build good toys. Hopefully.,ˈdʒibu bild ɡud toi̯s. ˈhopfali.,Jibu ga bexa ixena wabad. Dega-mi.,ˈdʒibu ɡa ˈbeʃa ˈiʃena ˈwabad. ˈdeɡami.,"Jibu bexa ixena, hopefully.","ˈdʒibu ˈbeʃa ˈiʃena, ˈhopfali.",Jibu ba bexa. Hopefully.,ˈdʒibu ba ˈbeʃa. ˈhopfali.,"Jibu ba-xe good toys, hopefully","ˈdʒibu ˈbaʃe ɡud toi̯s, ˈhopfali"
jibu_guest_been_to_food_truck,Jibu,We visit later.,wi ˈvisit ˈlei̯te.,Ga-bo mi bama,ˈɡabo mi ˈbama,Ga-bo med later,ˈɡabo med ˈlei̯te,Ba-bo med! Visit later!,ˈbabo med! ˈvisit ˈlei̯te!,Ba bama later,ba ˈbama ˈlei̯te
jibu_guest_enjoying_d23,Jibu,World fun fun!,weld fan fan!,Timu mi-mi!,ˈtimu ˈmimi!,Mumuba timad! Fun fun!,ˈmumuba ˈtimad! fan fan!,Ked moga! Fun fun!,ked ˈmoɡa! fan fan!,Udmu fun fun!,ˈudmu fan fan!
jibu_guest_how_liking_earth,Jibu,Can't wait visiting new planet soon.,kant wei̯t ˈvisitin nu ˈplanat sun.,Nie gami ba-banada da ka-pele bo,nie̯ ˈɡami baˈbanada da ˈkapele bo,Mo ba bama soon planet!,mo ba ˈbama sun ˈplanat!,"Ka bama bebo, can't wait!","ka ˈbama ˈbebo, kant wei̯t!",Ga-mo can not wait new planet soon,ˈɡamo kan nat wei̯t nu ˈplanat sun
jibu_guest_are_you_jedis,Jibu,Silly silly. We no Jedi.,ˈsili ˈsili. wi no ˈdʒedai.,Bana-nie bana-nie. Ni-med Jedi!,ˈbananie̯ ˈbananie̯. ˈnimed ˈdʒedi!,Bana-nie med no Jedi.,ˈbananie̯ med no ˈdʒedai.,Bana-nie bana-nie. We no Jedi.,ˈbananie̯ ˈbananie̯. wi no ˈdʒedai.,Nie po-nip we no Jedi,nie̯ ˈponip wi no ˈdʒedai
jibu_guest_are_you_robots,Jibu,No beep boop from us!,no bip bup fwam as!,Nie ala ga-mi med!,nie̯ ˈala ˈɡami med!,Nie tumunie! Beep boop!,nie̯ ˈtumunie̯! bip bup!,No beep boop! Nie tumunie!,no bip bup! nie̯ ˈtumunie̯!,Nie po-beep no beep boop!,nie̯ ˈpobeep no bip bup!
jibu_guest_what_can_you_say,Jibu,Nobody want to hear from me...,ˈnobadi want tu ˈhii fwam mi...,Nie nipo miga hena mi a mi,nie̯ ˈnipo ˈmiɡa ˈhena mi a mi,"Nie miga mi, nobody listen","nie̯ ˈmiɡa mi, ˈnobadi ˈlisan",Nie gapa mi hena. Nobody listen.,nie̯ ˈɡapa mi ˈhena. ˈnobadi ˈlisan.,Nie miga nobody want hear me,nie̯ ˈmiɡa ˈnobadi want ˈhii mi
jibu_guest_you_look_realistic,Jibu,Jibu not sure if compliment.,ˈdʒibu nat ˈʃuu if ˈkamplament.,Jibu nie ga nipo ixena?,ˈdʒibu nie̯ ɡa ˈnipo ˈiʃena?,Nie ga-mi iko compliment,nie̯ ˈɡami ˈiko ˈkamplament,Bana-nie not sure,ˈbananie̯ nat ˈʃuu,Ni bocena Jibu not sure if compliment,ni ˈbokena ˈdʒibu nat ˈʃuu if ˈkamplament
jibu_guest_why_working_on_droids,Jibu,Fixing dwoids all Jibu good for.,ˈfiksin dwoi̯ds ol ˈdʒibu ɡud ˈfoo.,Ba moga da djoid da Jibu ixena a,ba ˈmoɡa da dʒoi̯d da ˈdʒibu ˈiʃena a,Ba moga da djoid po Jibu good for,ba ˈmoɡa da dʒoi̯d po ˈdʒibu ɡud ˈfoo,Ba moga da djoid Jibu good for,ba ˈmoɡa da dʒoi̯d ˈdʒibu ɡud ˈfoo,Ba-mo mi fix droids good for Jibu,ˈbamo mi fiks dwoi̯ds ɡud ˈfoo ˈdʒibu
jibu_guest_you_look_so_good,Jibu,Jibu like you too.,ˈdʒibu ˈlaik ˈiu tu.,Jibu ba miga mi ixena,ˈdʒibu ba ˈmiɡa mi ˈiʃena,Jibu ixa me too,ˈdʒibu ˈiʃa mi tu,Jibu ixena like you,ˈdʒibu ˈiʃena ˈlaik ˈiu,xa I like you too,ʃa ˈai ˈlaik ˈiu tu
jibu_guest_youre_so_small,Jibu,That not nice to say...,dat nat ˈnais tu sei̯...,Nie ked-ba nicena la,nie̯ ˈkedba ˈnikena la,Nie la pena nice.,nie̯ la ˈpena ˈnais.,Nie la bano now!,nie̯ la ˈbano ˈnau!,Nie ba la no nice to say,nie̯ ba la no ˈnais tu sei̯
jibu_guest_youre_so_tiny,Jibu,Jibu wish he grow more...,ˈdʒibu wiʃ hi ɡwo ˈmoo...,Jibu banada ipo be med,ˈdʒibu ˈbanada ˈipo be med,Jibu miga ba grow,ˈdʒibu ˈmiɡa ba ɡwo,Jibu bana mo grow more,ˈdʒibu ˈbana mo ɡwo ˈmoo,Jibu gami grow more,ˈdʒibu ˈɡami ɡwo ˈmoo
jibu_guest_the_force,Jibu,No no. We fixie dwoids.,no no. wi ˈfiksie̯ dwoi̯ds.,"Nie, nie. Med ba moga djoidad.","nie̯, nie̯. med ba ˈmoɡa ˈdʒoi̯dad.",Nie nie. Fixie dwoids.,nie̯ nie̯. ˈfiksie̯ dwoi̯ds.,Nie nie. We fixie dwoids.,nie̯ nie̯. wi ˈfiksie̯ dwoi̯ds.,Nie nie. We fixie dwoids.,nie̯ nie̯. wi ˈfiksie̯ dwoi̯ds.
jibu_guest_look_like_ewoks,Jibu,Dey scary. Jibu hide from dem.,dei̯ ˈskewi. ˈdʒibu ˈhaid fwam dem.,Da-mu xe. Jibu bano xina fa da-va,ˈdamu ʃe. ˈdʒibu ˈbano ˈʃina fa ˈdava,Da dine gapa! Jibu hide!,da ˈdain ˈɡapa! ˈdʒibu ˈhaid!,Da-dega boken! Jibu hide now,ˈdadeɡa ˈboken! ˈdʒibu ˈhaid ˈnau,Da waia. Jibu hide from dem.,da ˈwaia. ˈdʒibu ˈhaid fwam dem.
jibu_guest_is_that_c3po,Jibu,We find on Tatooine boken.,wi ˈfaind an ˈtatuin ˈboken.,Ga-mi a Tatooine boken,ˈɡami a taˈtooi̯ne ˈboken,Med ga a Tatooine boken!,med ɡa a taˈtooi̯ne ˈboken!,Med ba boken broken!,med ba ˈboken ˈbwokan!,Ga po-TATOOINE boken broken,ɡa potaˈtooi̯ne ˈboken ˈbwokan
jibu_guest_offers_to_help,Jibu,Me love help but boss say no.,mi lav help bat bas sei̯ no.,Mi gami bexame le la da bama nie!,mi ˈɡami ˈbeʃame le la da ˈbama nie̯!,"Mi bexame, boss say no.","mi ˈbeʃame, bas sei̯ no.","Mi ipo bexame, boss say no.","mi ˈipo ˈbeʃame, bas sei̯ no.",Mi bexamed but boss say no.,mi ˈbeʃamed bat bas sei̯ no.
jibu_guest_dont_make_me_leave,Jibu,Sowwy we gotta work.,ˈsowi wi ˈɡata wek.,"Kikamie, mi gami bexa.","ˈkikamie̯, mi ˈɡami ˈbeʃa.",Ga gami work,ɡa ˈɡami wek,Ba bexa sowwy gotta,ba ˈbeʃa ˈsowi ˈɡata,Ba work sowwy!,ba wek ˈsowi!
jibu_guest_somebodys_cranky,Jibu,Boss scary when cranky.,bas ˈskewi wen ˈkwanki.,Da boss xe ipo goda,da boss ʃe ˈipo ˈɡoda,Da bama goda! Scary!,da ˈbama ˈɡoda! ˈskewi!,Ipo goda boss scary,ˈipo ˈɡoda bas ˈskewi,Ked goda boss scary,ked ˈɡoda bas ˈskewi
jibu_guest_youre_rude,Jibu,Sowwy no mean rude.,ˈsowi no min wud.,Kikamie nie bana-nie,ˈkikamie̯ nie̯ ˈbananie̯,Nie bana-nie sowwy,nie̯ ˈbananie̯ ˈsowi,"Nie goda, sowwy no","nie̯ ˈɡoda, ˈsowi no",Ne no mean rude,ni no min wud
jibu_guest_theyre_ignoring_me,Jibu,Oh. My bad.,o. ˈmai bad.,Oh. Goda mi.,oh. ˈɡoda mi.,My godi.,ˈmai ˈɡodi.,"Oh, goda!","o, ˈɡoda!",Bada mi my bad!,ˈbada mi ˈmai bad!
jibu_guest_theyre_aliens,Jibu,We just different from you is all...,wi dʒast ˈdifeant fwam ˈiu is ol...,Ga-ni e dumad,ˈɡani e ˈdumad,"We different, med udu bana.","wi ˈdifeant, med ˈudu ˈbana.",Med ipo different. We just different.,med ˈipo ˈdifeant. wi dʒast ˈdifeant.,"Med nyu bada, we just different, is all","med ˈniu ˈbada, wi dʒast ˈdifeant, is ol"
jibu_guest_lightsabers,Jibu,Oh no. No likey lightsabers.,o no. no ˈlikei̯ laˈitsabews.,A-o. Nie pilaxi bedegua,ˈao. nie̯ ˈpilaʃi beˈdeɡua,Nixena meded! No likey.,ˈniʃena ˈmeded! no ˈlikei̯.,No likey! Nie ixena!,no ˈlikei̯! nie̯ ˈiʃena!,Nie pilaxi. No likey lightsaber!,nie̯ ˈpilaʃi. no ˈlikei̯ laˈitsabew!
jibu_guest_theyre_staring,Jibu,You so interesting!,ˈiu so ˈintwastin!,E-va mumuba ixena!,ˈeva ˈmumuba ˈiʃena!,E-va interesting!,ˈeva ˈintwastin!,E-va so interesting!,ˈeva so ˈintwastin!,E so interesting!,e so ˈintwastin!
jibu_guest_like_your_outfit,Jibu,Keep us safe from sparky sparky.,kip as sei̯f fwam ˈspaki ˈspaki.,Ba ba med-po xe xe fa nixetu-po!,ba ba ˈmedpo ʃe ʃe fa niˈʃetupo!,Nie ba nixetu! Keep safe!,nie̯ ba ˈniʃetu! kip sei̯f!,Nie ba moga sparky sparky!,nie̯ ba ˈmoɡa ˈspaki ˈspaki!,Nie ba pama mi sparky sparky safe,nie̯ ba ˈpama mi ˈspaki ˈspaki sei̯f
jibu_guest_like_your_hat,Jibu,Tank you. I didn't get to choose it.,tank ˈiu. ˈai ˈdidant ɡet tu tʃus it.,Degamie. Mi-ni bumani ipo miga bo pena da.,ˈdeɡamie̯. ˈmini ˈbumani ˈipo ˈmiɡa bo ˈpena da.,Degamie! I no choose!,ˈdeɡamie̯! ˈai no tʃus!,Degamie. I no get choose it.,ˈdeɡamie̯. ˈai no ɡet tʃus it.,Degamie. I no get to choose it.,ˈdeɡamie̯. ˈai no ɡet tu tʃus it.
jibu_guest_what_time_is_it,Jibu,Time to work work!,ˈtaim tu wek wek!,Bano a bexa bexa!,ˈbano a ˈbeʃa ˈbeʃa!,Bano a bexa! work,ˈbano a ˈbeʃa! wek,Bano a work work!,ˈbano a wek wek!,Bano work work!,ˈbano wek wek!
jibu_guest_im_hungry,Jibu,Jibu just ate so Jibu feel good!,ˈdʒibu dʒast ei̯t so ˈdʒibu fil ɡud!,"Jibu ga-no ipama, Jibu ipo ixena!","ˈdʒibu ˈɡano ˈipama, ˈdʒibu ˈipo ˈiʃena!",Da Jibu ipo ixena! Jibu eat!,da ˈdʒibu ˈipo ˈiʃena! ˈdʒibu it!,"Ga-no Jibu, Jibu feel good!","ˈɡano ˈdʒibu, ˈdʒibu fil ɡud!","Ga-no da Jibu Jibu just ate, feel good!","ˈɡano da ˈdʒibu ˈdʒibu dʒast ei̯t, fil ɡud!"
jibu_guest_my_feet_hurt,Jibu,My feeties hurt too.,ˈmai ˈfitie̯s het tu.,Ga godi mi xiba-po mumuba,ɡa ˈɡodi mi ˈʃibapo ˈmumuba,Da peded godi too,da ˈpeded ˈɡodi tu,Ipo godi udu! Feeties hurt.,ˈipo ˈɡodi ˈudu! ˈfitie̯s het.,Godi my feeties hurt,ˈɡodi ˈmai ˈfitie̯s het
jibu_guest_can_you_hear_me,Jibu,Ooh my ears...,u ˈmai is...,Ooh da hen-mi...,ˈooh da ˈhenmi...,Hen mi... Ooh,hen mi... u,Hen kido! My ears...,hen ˈkido! ˈmai is...,hen my ears...,hen ˈmai is...
jibu_guest_how_do_you_understand,Jibu,We hear!,wi ˈhii!,Hena mi!,ˈhena mi!,Hena med! Hear!,ˈhena med! ˈhii!,Ket hena! Hear!,ket ˈhena! ˈhii!,Med hear!,med ˈhii!
jibu_guest_how_speak_english,Jibu,We speaky so many languages!,wi ˈspiki so ˈmeni ˈlanɡwadʒas!,Ga ta pena-po-da pama mad us da djoid-d,ɡa ta peˈnapoda ˈpama mad us da dʒoi̯d.d,Mi la pena ud speaky!,mi la ˈpena ud ˈspiki!,La pena be ud! So many!,la ˈpena be ud! so ˈmeni!,Med speaky so many languages!,med ˈspiki so ˈmeni ˈlanɡwadʒas!
jibu_guest_why_are_they_arguing,Jibu,Sorry sorry hate when we fight.,ˈsawi ˈsawi hei̯t wen wi ˈfait.,Kikamie kikamie goda li ba-no med gomi,ˈkikamie̯ ˈkikamie̯ ˈɡoda li ˈbano med ˈɡomi,"Kikamie, kikamie, hate fight","ˈkikamie̯, ˈkikamie̯, hei̯t ˈfait","Kikamie, kikamie, hate when fight","ˈkikamie̯, ˈkikamie̯, hei̯t wen ˈfait","Kikamie, kikamie! Hate when we fight.","ˈkikamie̯, ˈkikamie̯! hei̯t wen wi ˈfait."
jibu_guest_what_happens_if_i_say_something,Jibu,You no care what I think...,ˈiu no ˈkee wat ˈai tink...,Nie pilaxi e ipo banada-mi,nie̯ ˈpilaʃi e ˈipo baˈnadami,"Nie pilaxi mi, you no!","nie̯ ˈpilaʃi mi, ˈiu no!",Nie pilaxi mi no care,nie̯ ˈpilaʃi mi no ˈkee,Nie pilaxi mi I no care,nie̯ ˈpilaʃi mi ˈai no ˈkee
jibu_guest_wonder_if_friends,Jibu,Jibu bad at making friends...,ˈdʒibu bad at ˈmei̯kin fwends...,Jibu ixena-nie ba bana,ˈdʒibu iˈʃenanie̯ ba ˈbana,Jibu bana-nie bad,ˈdʒibu ˈbananie̯ bad,Jibu bana-nie! Friends bad!,ˈdʒibu ˈbananie̯! fwends bad!,Ixena-nie Jibu bad at making friends,iˈʃenanie̯ ˈdʒibu bad at ˈmei̯kin fwends
jibu_guest_i_think_i_interrupted,Jibu,Oh you no bother. Jibu promise.,o ˈiu no ˈbade. ˈdʒibu ˈpwamas.,Aaxe e ni bana. Jibu ga-mo.,ˈaaʃe e ni ˈbana. ˈdʒibu ˈɡamo.,Ni ba gami! Jibu promise.,ni ba ˈɡami! ˈdʒibu ˈpwamas.,"A-no, ni no bother","ˈano, ni no ˈbade",Nie ba not bother. Jibu promise.,nie̯ ba nat ˈbade. ˈdʒibu ˈpwamas.
jibu_guest_they_interrupted_me,Jibu,We interrupt? Sorry sorry.,wi ˈinteapt? ˈsawi ˈsawi.,Ga la? Kikamie kikamie.,ɡa la? ˈkikamie̯ ˈkikamie̯.,Ga ba la? Sorry sorry.,ɡa ba la? ˈsawi ˈsawi.,La po-ta? Sorry sorry.,la ˈpota? ˈsawi ˈsawi.,Li ga-no Sorry sorry!,li ˈɡano ˈsawi ˈsawi!
jibu_guest_could_watch_all_day,Jibu,Please no watch that long. Embarrassing...,plis no watʃ dat lon. imˈbewasin...,Nixetu nie xina po-teb banada. Kika...,ˈniʃetu nie̯ ˈʃina ˈpoteb ˈbanada. ˈkika...,Nie ba xina tibana. Embarrassing...,nie̯ ba ˈʃina ˈtibana. imˈbewasin...,Nie ba la stop watch long,nie̯ ba la stap watʃ lon,Nie ba xa no watch long. Embarrassing.,nie̯ ba ʃa no watʃ lon. imˈbewasin.
jibu_guest_how_long_does_this_go_on,Jibu,We work all day.,wi wek ol dei̯.,Ga bexa med da bed,ɡa ˈbeʃa med da bed,Med da bed work!,med da bed wek!,Med bexa work all,med ˈbeʃa wek ol,Bexa we work all day,ˈbeʃa wi wek ol dei̯
jibu_guest_thats_my_favorite,Jibu,I hope I favorite but probably not.,ˈai hop ˈai ˈfei̯vei̯t bat ˈpwababli nat.,Banada mi ga bage abo ni eme.,ˈbanada mi ɡa ˈbaɡe ˈabo ni ˈeme.,Nie-ud ga-mo mi li favorite,ˈnie̯ud ˈɡamo mi li ˈfei̯vei̯t,"Nie gac-ud, I favorite maybe","nie̯ ˈɡakud, ˈai ˈfei̯vei̯t ˈmei̯bi","Ba-miga mi, maybe no favorite.","ˈbamiɡa mi, ˈmei̯bi no ˈfei̯vei̯t."
jibu_guest_workstations_messy,Jibu,Sorry we no clean in days.,ˈsawi wi no klin in dei̯s.,Kikamie med nie mopila beded!,ˈkikamie̯ med nie̯ ˈmopila ˈbeded!,"Sorry, nie la-no med","ˈsawi, nie̯ ˈlano med",Nie clean in days! Kikamie med.,nie̯ klin in dei̯s! ˈkikamie̯ med.,Kikamie med no clean in days,ˈkikamie̯ med no klin in dei̯s
jibu_guest_starfighter,Jibu,Maybe he visit shop? We fix fix his ship?,ˈmei̯bi hi ˈvisit ʃap? wi fiks fiks his ʃip?,Lo ba-ga ipo wapuma? Med ba moga moga ipo djoid-ipo?,lo ˈbaɡa ˈipo ˈwapuma? med ba ˈmoɡa ˈmoɡa ˈipo ˈdʒoi̯dipo?,Maybe he visit? Med ba moga moga da ship?,ˈmei̯bi hi ˈvisit? med ba ˈmoɡa ˈmoɡa da ʃip?,Ga-ka ba dosa? We fix fix ship?,ˈɡaka ba ˈdosa? wi fiks fiks ʃip?,Ka-mo maybe he visit shop? We fix fix ship?,ˈkamo ˈmei̯bi hi ˈvisit ʃap? wi fiks fiks ʃip?
jibu_guest_pin_trading,Jibu,Jibu no want. Pointy part ouchy.,ˈdʒibu no want. ˈpoi̯nti pat ˈautʃi.,Jibu! Miga-no ipo. Be-bi goda.,ˈdʒibu! ˈmiɡano ˈipo. ˈbebi ˈɡoda.,Jibu-ni miga! Pointy ouchy.,ˈdʒibuni ˈmiɡa! ˈpoi̯nti ˈautʃi.,Jibu ni miga. Pointy part ouchy.,ˈdʒibu ni ˈmiɡa. ˈpoi̯nti pat ˈautʃi.,Jibu ni want. Pointy part ouchy.,ˈdʒibu ni want. ˈpoi̯nti pat ˈautʃi.
jibu_guest_lots_of_guests,Jibu,Oh man. Hope I don't make a mistake...,o man. hop ˈai dont mei̯k a ˈmistei̯k...,A-o. Nie ga-no ni mi vado...,ˈao. nie̯ ˈɡano ni mi ˈvado...,A-a mamaga vado! No make!,ˈaa ˈmamaɡa ˈvado! no mei̯k!,Axe bo ni ga mi vado! Hope no mistake,aks bo ni ɡa mi ˈvado! hop no ˈmistei̯k,Aaxe. I hope no make mistake...,ˈaaʃe. ˈai hop no mei̯k ˈmistei̯k...
jibu_guest_only_one_person,Jibu,Glad nobody watching me.,ɡlad ˈnobadi ˈwatʃin mi.,Ipo ni xina mi ixena,ˈipo ni ˈʃina mi ˈiʃena,Nie ga mo mi wups,nie̯ ɡa mo mi wups,Nie gapa me watching!,nie̯ ˈɡapa mi ˈwatʃin!,Nie djoid no watching me,nie̯ dʒoi̯d no ˈwatʃin mi
jibu_guest_baby_crying,Jibu,Oh no. Little one SO sad.,o no. ˈlital wan so sad.,A-o. Anzabi ixixa-xina.,ˈao. ˈansabi iʃiˈʃaʃina.,Abo anzabi ni-xina SO sad,ˈabo ˈansabi ˈniʃina so sad,"A-a, nie ixena-va! SO sad.","ˈaa, nie̯ iˈʃenava! so sad.",Nie. Little one so sad.,nie̯. ˈlital wan so sad.
jibu_guest_adult_crying,Jibu,Crying bad bad. Jibu no like.,ˈkwaiin bad bad. ˈdʒibu no ˈlaik.,"Ba-no mi djoid bad bad. Nie, Jibu ni pilaxi!","ˈbano mi dʒoi̯d bad bad. nie̯, ˈdʒibu ni ˈpilaʃi!",Nie pilaxi! Ga-bano ni ni mi!,nie̯ ˈpilaʃi! ˈɡabano ni ni mi!,Ipo kiki kiki no like,ˈipo ˈkiki ˈkiki no ˈlaik,Ga-no biba bok bok. Jibu no like!,ˈɡano ˈbiba bok bok. ˈdʒibu no ˈlaik!
jibu_guest_yawning,Jibu,Long day for dem.,lon dei̯ ˈfoo dem.,Ga-da mi bed tib a ed,ˈɡada mi bed tib a ed,Tibana bedad for dem,ˈtibana ˈbedad ˈfoo dem,Bed-no long day,ˈbedno lon dei̯,Bed long day for dem,bed lon dei̯ ˈfoo dem
jibu_guest_sneezing,Jibu,Oh no Jibu can't get sick now!,o no ˈdʒibu kant ɡet sik ˈnau!,"a-o, Jibu ni ga-mo bumani bano!","ˈao, ˈdʒibu ni ˈɡamo ˈbumani ˈbano!",Nie ga ji bu! Can't sick!,nie̯ ɡa dʒi bu! kant sik!,Nie ba gima! Jibu can't sick now!,nie̯ ba ˈɡima! ˈdʒibu kant sik ˈnau!,Nie ba gima-no Jibu! no sick now!,nie̯ ba ˈɡimano ˈdʒibu! no sik ˈnau!
jibu_guest_shoes,Jibu,They wear to protect feetsies.,dei̯ ˈwee tu ˈpwatekt ˈfitsie̯s.,Ga ba-nie po-biba bo gima bexame,ɡa ˈbanie̯ ˈpobiba bo ˈɡima ˈbeʃame,Da muba ba bexa feetsies.,da ˈmuba ba ˈbeʃa ˈfitsie̯s.,Ga po-waba feetsies go fix,ɡa ˈpowaba ˈfitsie̯s ɡo fiks,Bexa da wabad xo ipo feetsies wear to protect,ˈbeʃa da ˈwabad ʃo ˈipo ˈfitsie̯s ˈwee tu ˈpwatekt
jibu_guest_haircut,Jibu,Me just happy we wear helmet.,mi dʒast ˈhapi wi ˈwee ˈhelmat.,"Ixa ba-mi, mi ipo xiba-pa","ˈiʃa ˈbami, mi ˈipo ˈʃibapa","Ipo ixa, med helmet good","ˈipo ˈiʃa, med ˈhelmat ɡud",Ipo ixa ga-mi helmet we wear,ˈipo ˈiʃa ˈɡami ˈhelmat wi ˈwee,"Ipo ixena, we wear helmet","ˈipo ˈiʃena, wi ˈwee ˈhelmat"
jibu_guest_lightsaber_unsheathed,Jibu,Jibu never thought he see one!,ˈdʒibu ˈneve tot hi si wan!,Niemo banada-no ipo xina ka!,ˈnie̯mo baˈnadano ˈipo ˈʃina ka!,Jibu niemo banada see one!,ˈdʒibu ˈnie̯mo ˈbanada si wan!,Niemo banada-no Jibu see one!,ˈnie̯mo baˈnadano ˈdʒibu si wan!,Nie ga-no Jibu no see one!,nie̯ ˈɡano ˈdʒibu no si wan!
jibu_guest_lightsaber_sheathed,Jibu,Ooh pretty color.,u ˈpwiti ˈkale.,Ooh. Momo kapa.,ˈooh. ˈmomo ˈkapa.,Ooh kapa color,u ˈkapa ˈkale,"Oh, kapa pretty color","o, ˈkapa ˈpwiti ˈkale",Momo color!,ˈmomo ˈkale!
jibu_guest_drinking,Jibu,Dey dwink so much. Hope it tasty.,dei̯ dwink so matʃ. hop it ˈtei̯sti.,Da banada ni udu. Miga ipo ixena.,da ˈbanada ni ˈudu. ˈmiɡa ˈipo ˈiʃena.,Ni ud bama da. Hope tasty.,ni ud ˈbama da. hop ˈtei̯sti.,Ga-udu banad ipo ixena. Hope it tasty.,ˈɡaudu ˈbanad ˈipo ˈiʃena. hop it ˈtei̯sti.,Bubanu udu. Hope it taste!,ˈbubanu ˈudu. hop it tei̯st!
jibu_guest_eating_chips,Jibu,Crunchy crunchy make Jibu hungry.,ˈkwantʃi ˈkwantʃi mei̯k ˈdʒibu ˈhanɡwi.,Dega-dega ga Jibu kipa,deˈɡadeɡa ɡa ˈdʒibu ˈkipa,Ga ga-no ipo hungry,ɡa ˈɡano ˈipo ˈhanɡwi,Bebede ipo! Make hungry!,ˈbebede ˈipo! mei̯k ˈhanɡwi!,ga Jibu make hungry hungry,ɡa ˈdʒibu mei̯k ˈhanɡwi ˈhanɡwi
jibu_guest_anzellan_on_clothing,Jibu,We on dey clothes. Embarrassing for Jibu...,wi an dei̯ klods. imˈbewasin ˈfoo ˈdʒibu...,Med a anzel-va. Kika ba Jibu.,med a ˈanselva. ˈkika ba ˈdʒibu.,Ket tumu-da anzel bad-a. Embarrassing Jibu.,ket ˈtumuda ˈansel ˈbada. imˈbewasin ˈdʒibu.,"Med ked baka, Embarrassing for Jibu...","med ked ˈbaka, imˈbewasin ˈfoo ˈdʒibu...",Med ket a-xena. Embarrassing for Jibu...,med ket ˈaʃena. imˈbewasin ˈfoo ˈdʒibu...
jibu_guest_journalist_questions,Jibu,Questions give Jibu headache.,ˈkwestʃans ɡiv ˈdʒibu ˈhedei̯k.,Li ba pama da banana-po o Jibu,li ba ˈpama da baˈnanapo o ˈdʒibu,La bana headache!,la ˈbana ˈhedei̯k!,"Djoid godi, headache Jibu","dʒoi̯d ˈɡodi, ˈhedei̯k ˈdʒibu",Banava headache give Jibu,ˈbanava ˈhedei̯k ɡiv ˈdʒibu
jibu_guest_eating_something,Jibu,They hungry. Me no snacky snacky like they are.,dei̯ ˈhanɡwi. mi no ˈsnaki ˈsnaki ˈlaik dei̯ ˈaa.,Ipo hena. Nie mi bana-nie banu banu le ipo-va ixa!,ˈipo ˈhena. nie̯ mi ˈbananie̯ ˈbanu ˈbanu le ˈipova ˈiʃa!,Mi ni bana-nie! Ket ipo-bana.,mi ni ˈbananie̯! ket iˈpobana.,Ket tumu-po muba! Me no snacky snacky,ket ˈtumupo ˈmuba! mi no ˈsnaki ˈsnaki,Buma ipo they hungry. Me no snacky snacky.,ˈbuma ˈipo dei̯ ˈhanɡwi. mi no ˈsnaki ˈsnaki.
jibu_guest_asks_name,Jibu,Me Jibu. Dis my brother Kado. Our boss Vilo up der. You have name name?,mi ˈdʒibu. dis ˈmai ˈbwade ˈkado. ˈaue bas ˈvilo ap de. ˈiu hav nei̯m nei̯m?,Mi Jibu. Ked-ba da dega Kado. Dega med Vilo na-ta. E buma nima nima?,mi ˈdʒibu. ˈkedba da ˈdeɡa ˈkado. ˈdeɡa med ˈvilo ˈnata. e ˈbuma ˈnima ˈnima?,Mi da Jibu. Dega Vilo wa ked-ba. You have name name?,mi da ˈdʒibu. ˈdeɡa ˈvilo wa ˈkedba. ˈiu hav nei̯m nei̯m?,Me Jibu. Dis my brother Kado. Mi ipo Jibu.,mi ˈdʒibu. dis ˈmai ˈbwade ˈkado. mi ˈipo ˈdʒibu.,Mi ipo Jibu. This my brother Kado. Our boss Vilo way up there. You got name name?,mi ˈipo ˈdʒibu. dis ˈmai ˈbwade ˈkado. ˈaue bas ˈvilo wei̯ ap ˈdee. ˈiu ɡat nei̯m nei̯m?
jibu_guest_asks_world,Jibu,We from Corellia. Jibu miss sometimes. What world you from?,wi fwam koˈwellia. ˈdʒibu mis ˈsamtaims. wat weld ˈiu fwam?,Med fa Corellia. Jibu bana-mi lemo. Li fa ede po timad?,med fa koˈwellia. ˈdʒibu ˈbanami ˈlemo. li fa ˈede po ˈtimad?,Med fa Corellia. Li ba fa mi? Jibu miss.,med fa koˈwellia. li ba fa mi? ˈdʒibu mis.,We from Corellia. Jibu miss sometimes. What world you from?,wi fwam koˈwellia. ˈdʒibu mis ˈsamtaims. wat weld ˈiu fwam?,Med fa Corellia. Jibu miss sometimes. What world you from?,med fa koˈwellia. ˈdʒibu mis ˈsamtaims. wat weld ˈiu fwam?
jibu_guest_asks_species,Jibu,"Oh, we Anzellan. Jibu no mean rude, but what species are you?","o, wi ˈansellan. ˈdʒibu no min wud, bat wat ˈspiʃis ˈaa ˈiu?","Aaxe, med anzabi. Jibu ga-no ni gode, le li ipo-va ixena ga?","ˈaaʃe, med ˈansabi. ˈdʒibu ˈɡano ni ˈɡode, le li ˈipova ˈiʃena ɡa?","Jibu no mean rude, med anzellan. Bana ipo-va?","ˈdʒibu no min wud, med ˈansellan. ˈbana ˈipova?","Jibu no mean rude, med anzellan. Bana ipo?","ˈdʒibu no min wud, med ˈansellan. ˈbana ˈipo?","A-a med anzabi Anzellan. Jibu no mean rude, but what species are you?","ˈaa med ˈansabi ˈansellan. ˈdʒibu no min wud, bat wat ˈspiʃis ˈaa ˈiu?"
jibu_guest_what_doing,Jibu,We fixey dwoids. What you do?,wi ˈfiksei̯ dwoi̯ds. wat ˈiu du?,"Ba mo mi ba moga da djoid, li ga-mi e ipo?","ba mo mi ba ˈmoɡa da dʒoi̯d, li ˈɡami e ˈipo?",Ba moga med djoid. What do?,ba ˈmoɡa med dʒoi̯d. wat du?,We fixey dwoids. Li ga-no e?,wi ˈfiksei̯ dwoi̯ds. li ˈɡano e?,Ba moga droids we do?,ba ˈmoɡa dwoi̯ds wi du?
jibu_guest_knows_luke,Jibu,"Sorry, no heard name.","ˈsawi, no hed nei̯m.","Kikamie, nie hena da ka","ˈkikamie̯, nie̯ ˈhena da ka",Nie hena name! Sorry,nie̯ ˈhena nei̯m! ˈsawi,"Nie hena, no heard!","nie̯ ˈhena, no hed!",Kikamie no heard name,ˈkikamie̯ no hed nei̯m
jibu_guest_knows_vader,Jibu,Jibu no meet them. Sorry.,ˈdʒibu no mit dem. ˈsawi.,Jibu ga-no la djoid-po. Kikamie.,ˈdʒibu ˈɡano la ˈdʒoi̯dpo. ˈkikamie̯.,"Jibu ga-no po-eda, sorry.","ˈdʒibu ˈɡano ˈpoeda, ˈsawi.",Ni ipo! Sorry!,ni ˈipo! ˈsawi!,"Ni hena da ipo, Jibu no meet them.","ni ˈhena da ˈipo, ˈdʒibu no mit dem."
jibu_guest_looking_at_them,Jibu,You catch our attention. Why you watch us work?,ˈiu katʃ ˈaue ˈatenʃan. ˈwai ˈiu watʃ as wek?,Ga-gapa mi-va po pilaxi med ba bexa. Li e-po xina med ba bexa?,ˈɡaɡapa ˈmiva po ˈpilaʃi med ba ˈbeʃa. li ˈepo ˈʃina med ba ˈbeʃa?,You catch! E-po nime ga miga?,ˈiu katʃ! ˈepo ˈnime ɡa ˈmiɡa?,You catch! E ga pama meded,ˈiu katʃ! e ɡa ˈpama ˈmeded,E gapa. Why you watch us work?,e ˈɡapa. ˈwai ˈiu watʃ as wek?
jibu_guest_asks_fun,Jibu,Fixey toys fun!,ˈfiksei̯ toi̯s fan!,Ba moga da wabad ixena!,ba ˈmoɡa da ˈwabad ˈiʃena!,Ba moga toys!,ba ˈmoɡa toi̯s!,Ba moga toys fun!,ba ˈmoɡa toi̯s fan!,Ba moga toys fun!,ba ˈmoɡa toi̯s fan!
jibu_guest_asks_for_droid,Jibu,Jibu happy happy give you droid! But must pay Vilo.,ˈdʒibu ˈhapi ˈhapi ɡiv ˈiu dwoi̯d! bat mast pei̯ ˈvilo.,Jibu ixa ixa ba pama e djoid! Le gami ga keditu Vilu.,ˈdʒibu ˈiʃa ˈiʃa ba ˈpama e dʒoi̯d! le ˈɡami ɡa ˈkeditu ˈvilu.,Jibu ixena ixena pama! Droid give!,ˈdʒibu ˈiʃena ˈiʃena ˈpama! dwoi̯d ɡiv!,Jibu ixa ixa pama! Must pay Vilu.,ˈdʒibu ˈiʃa ˈiʃa ˈpama! mast pei̯ ˈvilu.,Ixa ixa! I give you droid! But must pay Vilo.,ˈiʃa ˈiʃa! ˈai ɡiv ˈiu dwoi̯d! bat mast pei̯ ˈvilo.
jibu_lets_do_this,Jibu,Let's do this.,lets du dis.,Ba ga mo,ba ɡa mo,Ba go,ba ɡo,Ba ga-mi! Do this!,ba ˈɡami! du dis!,Ba moga do it!,ba ˈmoɡa du it!
jibu_plenty_to_do_today,Jibu,Plenty to do today but yesterday was harder.,ˈplenti tu du ˈtadei̯ bat ˈie̯stedei̯ was ˈhade.,"Be-ga ga bed, le ga-no ga apo","ˈbeɡa ɡa bed, le ˈɡano ɡa ˈapo","Bo bexa ud bed, harder yesterday!","bo ˈbeʃa ud bed, ˈhade ˈie̯stedei̯!",Bama bed no apo! Plenty to do,ˈbama bed no ˈapo! ˈplenti tu du,"Ga ud ga, yesterday was harder!","ɡa ud ɡa, ˈie̯stedei̯ was ˈhade!"
jibu_lets_see,Jibu,Let's see.,lets si.,Ba xina med-va,ba ˈʃina ˈmedva,Li xina! See!,li ˈʃina! si!,Li see,li si,Li xina see now!,li ˈʃina si ˈnau!
jibu_this_looks_good,Jibu,This looks good. Good Good.,dis luks ɡud. ɡud ɡud.,Ked-ba xina ixena. Ixena ixena.,ˈkedba ˈʃina ˈiʃena. ˈiʃena ˈiʃena.,Ked ipo ixena. Good.,ked ˈipo ˈiʃena. ɡud.,Ked tumunie. Good good.,ked ˈtumunie̯. ɡud ɡud.,Ked good good good!,ked ɡud ɡud ɡud!
jibu_happy_i_fixed_dat,Jibu,Ooh. Happy I fixed dat already. Yes.,u. ˈhapi ˈai fikst dat ˈolwedi. ie̯s.,aaxe. Ipo ixa ga-no moga da. Nad.,ˈaaʃe. ˈipo ˈiʃa ˈɡano ˈmoɡa da. nad.,Ixa mi ba moga-da. Happy yes.,ˈiʃa mi ba ˈmoɡada. ˈhapi ie̯s.,"Aaxe, moga-da ked-ba bano! Happy I fixed dat!","ˈaaʃe, ˈmoɡada ˈkedba ˈbano! ˈhapi ˈai fikst dat!",Ixa mi ga-mo la moga Da pipe fixed already yes.,ˈiʃa mi ˈɡamo la ˈmoɡa da ˈpaip fikst ˈolwedi ie̯s.
jibu_kado_never_shut_up,Jibu,Kado never shut up.,ˈkado ˈneve ʃat ap.,Kado niemo ba bani!,ˈkado ˈnie̯mo ba ˈbani!,Kado niemo stop,ˈkado ˈnie̯mo stap,Kado nie bani! Never shut!,ˈkado nie̯ ˈbani! ˈneve ʃat!,niemo Kado never shut,ˈnie̯mo ˈkado ˈneve ʃat
jibu_oh_interesting,Jibu,Oooh! That new!,u! dat nu!,Ooh! Ked-ba ixena mipoka!,ˈooh! ˈkedba ˈiʃena ˈmipoka!,Ked-ba new!,ˈkedba nu!,Ked-ba ixena! New!,ˈkedba ˈiʃena! nu!,A-o! That new!,ˈao! dat nu!
jibu_oh_i_see,Jibu,Oh. I see. I see.,o. ˈai si. ˈai si.,Ohhh. Xina mi. Xina mi.,ohhh. ˈʃina mi. ˈʃina mi.,Li xina ipo. I see.,li ˈʃina ˈipo. ˈai si.,Li xina. I see.,li ˈʃina. ˈai si.,"Li xina mi I see, I see","li ˈʃina mi ˈai si, ˈai si"
jibu_didnt_hear_about_that,Jibu,I didn't hear about that!,ˈai ˈdidant ˈhii ˈabaut dat!,Nie hena-no a ked-ta!,nie̯ ˈhenano a ˈkedta!,Nie hena-no a-o no hear!,nie̯ ˈhenano ˈao no ˈhii!,"Nie hena-no, no hear!","nie̯ ˈhenano, no ˈhii!",Nie I no hear that!,nie̯ ˈai no ˈhii dat!
jibu_cant_remember_was_busy,Jibu,I can't remember. I think I was busy.,ˈai kant ˈwimembe. ˈai tink ˈai was ˈbisi.,Nie banada ipo maded. Banada mi ipo bexamo.,nie̯ ˈbanada ˈipo ˈmaded. ˈbanada mi ˈipo ˈbeʃamo.,Nie bana mi ipo bexa-moda busy.,nie̯ ˈbana mi ˈipo beˈʃamoda ˈbisi.,Nie bana mi ipo. I busy now.,nie̯ ˈbana mi ˈipo. ˈai ˈbisi ˈnau.,Ni tibana mi. I think I was busy.,ni ˈtibana mi. ˈai tink ˈai was ˈbisi.
jibu_no_way_really,Jibu,No way. Really?,no wei̯. ˈwili?,Nie. Degagamie?,nie̯. deˈɡaɡamie̯?,Nie ket! really?,nie̯ ket! ˈwili?,Nie vado! No way!,nie̯ ˈvado! no wei̯!,Nie ba no way.,nie̯ ba no wei̯.
jibu_thats_wild,Jibu,That's wild. That is wild.,dats ˈwaild. dat is ˈwaild.,Ked-ba xe. Ked-ba xe.,ˈkedba ʃe. ˈkedba ʃe.,Ked bade. Wild!,ked bei̯d. ˈwaild!,Ked miga! So wild!,ked ˈmiɡa! so ˈwaild!,Ked ixena so wild!,ked ˈiʃena so ˈwaild!
jibu_heard_something_about_that,Jibu,I heard something about that. Not the whole thing.,ˈai hed ˈsamtin ˈabaut dat. nat da hol tin.,Hena-no mi a na ked. Nie da tutum-po.,ˈhenano mi a na ked. nie̯ da ˈtutumpo.,"Hena-no mi a ka, not whole.","ˈhenano mi a ka, nat hol.",Not the whole. Hena-no mi a ka.,nat da hol. ˈhenano mi a ka.,Hena-no mi. Not whole thing!,ˈhenano mi. nat hol tin!
jibu_thats_just_how_it_goes,Jibu,I mean... that's just how it goes sometimes. Right?,ˈai min... dats dʒast ˈhau it ɡos ˈsamtaims. ˈwait?,Ga ba-de be ked bado li?,ɡa ˈbade be ked ˈbado li?,Ba bana da ga-ke... niede right?,ba ˈbana da ˈɡake... ˈnie̯de ˈwait?,"Sometimes just how it goes, li?","ˈsamtaims dʒast ˈhau it ɡos, li?","Bana-mi po-tibu sometimes it just go like that, li?","ˈbanami ˈpotibu ˈsamtaims it dʒast ɡo ˈlaik dat, li?"
jibu_that_figures,Jibu,That figures. That really figures.,dat ˈfiɡie̯s. dat ˈwili ˈfiɡie̯s.,Ked-ba po-ta. Degagamie po-ta.,ˈkedba ˈpota. deˈɡaɡamie̯ ˈpota.,Ked-ba ixena! That figures!,ˈkedba ˈiʃena! dat ˈfiɡie̯s!,Ked-ba ixena! That figures!,ˈkedba ˈiʃena! dat ˈfiɡie̯s!,Ked-ba ixen no good! That figures!,ˈkedba ˈiʃen no ɡud! dat ˈfiɡie̯s!
jibu_oh_okay,Jibu,Oh. Okay. Okay.,o. ˈokei̯. ˈokei̯.,Oh. Aaxe. Aaxe.,oh. ˈaaʃe. ˈaaʃe.,Nadixe. Okay.,ˈnadiʃe. ˈokei̯.,Aaxe okay,ˈaaʃe ˈokei̯,Nadixe. Okay okay.,ˈnadiʃe. ˈokei̯ ˈokei̯.
jibu_really_huh,Jibu,Really? Huh.,ˈwili? ha.,Li la.,li la.,Li ixena? Huh.,li ˈiʃena? ha.,Li ixena? Huh.,li ˈiʃena? ha.,Li ixena? Huh.,li ˈiʃena? ha.
jibu_noted_got_it,Jibu,Noted! Got it.,ˈnotad! ɡat it.,Ba-no mi buma!,ˈbano mi ˈbuma!,Ga-mi got it!,ˈɡami ɡat it!,Ga-mo mi! Got it!,ˈɡamo mi! ɡat it!,Buma got it!,ˈbuma ɡat it!
jibu_uh_oh_not_good,Jibu,Uh oh. That's not good. That's not good at all.,a o. dats nat ɡud. dats nat ɡud at ol.,a-o. nie ked-ba ixena. nie ked-ba ud ixena.,ˈao. nie̯ ˈkedba ˈiʃena. nie̯ ˈkedba ud ˈiʃena.,A-o nie ked-ba ixena. Panel broken!,ˈao nie̯ ˈkedba ˈiʃena. ˈpanal ˈbwokan!,"Nie ked-ba ixena! Uh oh, no good!","nie̯ ˈkedba ˈiʃena! a o, no ɡud!",a-o That's not good! That's no good at all!,ˈao dats nat ɡud! dats no ɡud at ol!
jibu_still_not_over_it,Jibu,I know I know. I'm still not over it.,ˈai no ˈai no. ˈaim stil nat ˈove it.,"Banada, banada. Nie-mo, ipo ni gima-bano.","ˈbanada, ˈbanada. ˈnie̯mo, ˈipo ni ɡiˈmabano.","Mo ni tumu, niemo. No over!","mo ni ˈtumu, ˈnie̯mo. no ˈove!","Ga-no mi, ga-no mi. Still not over it.","ˈɡano mi, ˈɡano mi. stil nat ˈove it.",Na-nad. I still no get over it.,ˈnanad. ˈai stil no ɡet ˈove it.
jibu_sorry_wont_bring_it_up,Jibu,Sorry sorry. I won't bring it up.,ˈsawi ˈsawi. ˈai wont bwin it ap.,Kikamie kikamie. Ga-bo ni penaipo.,ˈkikamie̯ ˈkikamie̯. ˈɡabo ni peˈnaipo.,"Kikamie, kikamie. No say!","ˈkikamie̯, ˈkikamie̯. no sei̯!",Nie bo pena-ka. Sorry sorry.,nie̯ bo ˈpenaka. ˈsawi ˈsawi.,Kikamie kikamie. I no talk it.,ˈkikamie̯ ˈkikamie̯. ˈai no tok it.
jibu_should_we_make_a_list,Jibu,Me neither. Should we make a list? I already made a list.,mi ˈnide. ʃud wi mei̯k a list? ˈai ˈolwedi mei̯d a list.,Nie-mo mi. Gami-va ga med? Ga-no ga med.,ˈnie̯mo mi. ˈɡamiva ɡa med? ˈɡano ɡa med.,Nie buma mi. Li ba ga pesta? I made list.,nie̯ ˈbuma mi. li ba ɡa ˈpesta? ˈai mei̯d list.,"Nie, ni-po mi. Should we make list?","nie̯, ˈnipo mi. ʃud wi mei̯k list?",Nie be dumada! We make list? I already made list.,nie̯ be ˈdumada! wi mei̯k list? ˈai ˈolwedi mei̯d list.
jibu_just_keep_going,Jibu,Just keep going. That's the plan. Just keep going.,dʒast kip ɡoi̯n. dats da plan. dʒast kip ɡoi̯n.,Ba-mo ba. Ked-ba bana. Ba-mo ba.,ˈbamo ba. ˈkedba ˈbana. ˈbamo ba.,"Ba-mo mi, ba-mo mi. That's the plan. Ba-mo mi.","ˈbamo mi, ˈbamo mi. dats da plan. ˈbamo mi.",Ba-mo mi. That's the plan. Ba-mo mi.,ˈbamo mi. dats da plan. ˈbamo mi.,Ba-mo mi. Just keep going. That the plan. Just go,ˈbamo mi. dʒast kip ɡoi̯n. dat da plan. dʒast ɡo
jibu_went_to_market,Jibu,I went to the market. It was crowded. I didn't like it.,ˈai went tu da ˈmakat. it was ˈkwaudad. ˈai ˈdidant ˈlaik it.,Ga-no mi ba fa da maba. Ket ded dake. Nie ga-no ni mi ipo ixena.,ˈɡano mi ba fa da ˈmaba. ket ded ˈdake. nie̯ ˈɡano ni mi ˈipo ˈiʃena.,Ba-no mi fa da maketa. Nie gami nima! too crowded!,ˈbano mi fa da ˈmaketa. nie̯ ˈɡami ˈnima! tu ˈkwaudad!,Ga-no mi ba da mata po. Not like it!,ˈɡano mi ba da ˈmata po. nat ˈlaik it!,"Ga-no mi ba, crowded market very busy! Nie ga-no ipo.","ˈɡano mi ba, ˈkwaudad ˈmakat ˈvewi ˈbisi! nie̯ ˈɡano ˈipo."
jibu_same_needed_it,Jibu,Same. I needed it. I think I needed it.,sei̯m. ˈai ˈnidad it. ˈai tink ˈai ˈnidad it.,Ikada. Mi nagaba ipo. Mi banada ipo nagaba.,ˈikada. mi ˈnaɡaba ˈipo. mi ˈbanada ˈipo ˈnaɡaba.,"Banada mi ipo, needed it.","ˈbanada mi ˈipo, ˈnidad it.",Migaba-no mi. I needed it.,miˈɡabano mi. ˈai ˈnidad it.,"Bana-no mi, I needed it. I think needed it.","ˈbanano mi, ˈai ˈnidad it. ˈai tink ˈnidad it."
jibu_knew_something_was_off,Jibu,I knew it. I knew something was off.,ˈai nu it. ˈai nu ˈsamtin was of.,Banada mi ipo. Banada mi ket tumunie.,ˈbanada mi ˈipo. ˈbanada mi ket ˈtumunie̯.,Banada mi. Panel off!,ˈbanada mi. ˈpanal of!,Banada mi ipo. Something was off.,ˈbanada mi ˈipo. ˈsamtin was of.,"Banada mi, something no power!","ˈbanada mi, ˈsamtin no ˈpaue!"
jibu_noticed_something_earlier,Jibu,I noticed something earlier and I've been thinking about it.,ˈai ˈnotast ˈsamtin ˈelie̯ and ˈaiv bin ˈtinkin ˈabaut it.,"Ga-no mi xina ta ke bano, ba-no mi banada a ipo","ˈɡano mi ˈʃina ta ke ˈbano, ˈbano mi ˈbanada a ˈipo","Ga-no mi lali bada, le ga-no mi banada. Something wrong!","ˈɡano mi ˈlali ˈbada, le ˈɡano mi ˈbanada. ˈsamtin won!",I noticed something! Ga-no mi po-bana,ˈai ˈnotast ˈsamtin! ˈɡano mi ˈpobana,"Ga-no mi, I saw something earlier and think it","ˈɡano mi, ˈai so ˈsamtin ˈelie̯ and tink it"
jibu_long_mornings,Jibu,This job always has long mornings. Every single one.,dis dʒab ˈolwei̯s has lon ˈmonins. ˈevei̯ ˈsinɡal wan.,Bexa udmo ga meded tib bad.,ˈbeʃa ˈudmo ɡa ˈmeded tib bad.,Long mornings! Ba bexa ta bade.,lon ˈmonins! ba ˈbeʃa ta bei̯d.,Long mornings. Ba bexa udmo.,lon ˈmonins. ba ˈbeʃa ˈudmo.,Ba bexa always morning very long every one,ba ˈbeʃa ˈolwei̯s ˈmonin ˈvewi lon ˈevei̯ wan
jibu_almost_almost,Jibu,Almost! Almost almost!,ˈolmost! ˈolmost ˈolmost!,Ba! Ba ba!,ba! ba ba!,Almost tetepe ...,ˈolmost ˈtetepe ...,Ga-mo Almost!,ˈɡamo ˈolmost!,Ba-no! almost almost!,ˈbano! ˈolmost ˈolmost!
jibu_just_one_more_thing,Jibu,Oh! Just one left!,o! dʒast wan left!,A-o! Ka do be!,ˈao! ka do be!,A ka bexd no! Left!,a ka beʃd no! left!,Ka ud ipo! One left!,ka ud ˈipo! wan left!,A-o! One left!,ˈao! wan left!
jibu_not_sure_i_have,Jibu,I'm not sure I have actually.,ˈaim nat ˈʃuu ˈai hav akˈtʃuali.,Nie ba-no ga-buma-mi,nie̯ ˈbano ɡaˈbumami,"Nie gima-mi ga-mo, I have","nie̯ ˈɡimami ˈɡamo, ˈai hav",Nie gima I have,nie̯ ˈɡima ˈai hav,Nie ked I not sure actually,nie̯ ked ˈai nat ˈʃuu akˈtʃuali
jibu_oops,Jibu,Oops.,ups.,apoa,ˈapoa,Apoa,ˈapoa,Apoa! Oops.,ˈapoa! ups.,Apoa! Oops!,ˈapoa! ups!
jibu_oh_no,Jibu,Oh no.,o no.,A-o,ˈao,A-o no!,ˈao no!,Nie no!,nie̯ no!,"Nie, oh no!","nie̯, o no!"
jibu_cant_make_mistakes_today,Jibu,I can't make any mistakes today.,ˈai kant mei̯k ˈeni ˈmistei̯ks ˈtadei̯.,Nie gami ga no vado bano,nie̯ ˈɡami ɡa no ˈvado ˈbano,Nie bo bumani-no ud beda! No mistake!,nie̯ bo buˈmanino ud ˈbeda! no ˈmistei̯k!,Nie bano ipamama! No mistakes today.,nie̯ ˈbano iˈpamama! no ˈmistei̯ks ˈtadei̯.,Nie gima no make mistake today!,nie̯ ˈɡima no mei̯k ˈmistei̯k ˈtadei̯!
jibu_just_need_to_focus,Jibu,I just need to focus.,ˈai dʒast nid tu ˈfokas.,Migaba mi bona-nie,ˈmiɡaba mi ˈbonanie̯,Migaba mi po-bana focus,ˈmiɡaba mi ˈpobana ˈfokas,Migaba mi focus now,ˈmiɡaba mi ˈfokas ˈnau,Po-bana I just need focus.,ˈpobana ˈai dʒast nid ˈfokas.
jibu_hope_i_dont_mess_up,Jibu,I hope I don't mess up.,ˈai hop ˈai dont mes ap.,Ba ni ga bumani mi,ba ni ɡa ˈbumani mi,Ga-mi ni ba-no! Mess up!,ˈɡami ni ˈbano! mes ap!,Mi ga-ni bo-la no mess!,mi ˈɡani ˈbola no mes!,Ga gami no mess up!,ɡa ˈɡami no mes ap!
jibu_do_good_work_today,Jibu,Jibu do good work today. Jibu promise.,ˈdʒibu du ɡud wek ˈtadei̯. ˈdʒibu ˈpwamas.,Jibu ga bexa ixena bed-no. Jibu la bo ipo.,ˈdʒibu ɡa ˈbeʃa ˈiʃena ˈbedno. ˈdʒibu la bo ˈipo.,Jibu ga ixena be bed-no. Good job!,ˈdʒibu ɡa ˈiʃena be ˈbedno. ɡud dʒab!,Jibu ga ixena bed-no. Jibu promise.,ˈdʒibu ɡa ˈiʃena ˈbedno. ˈdʒibu ˈpwamas.,Jibu ga good work today! Jibu promise.,ˈdʒibu ɡa ɡud wek ˈtadei̯! ˈdʒibu ˈpwamas.
jibu_okay_done_with_that,Jibu,Okay done with that. Phew.,ˈokei̯ dan wid dat. ˈfiu.,Aaxe ga-no a,ˈaaʃe ˈɡano a,Dega ga-no apo! Phew.,ˈdeɡa ˈɡano ˈapo! ˈfiu.,Ga-no bexa! Okay done!,ˈɡano ˈbeʃa! ˈokei̯ dan!,"Nadixe done with that, phew!","ˈnadiʃe dan wid dat, ˈfiu!"
jibu_maybe_jibu_do_good,Jibu,Maybe Jibu do good today.,ˈmei̯bi ˈdʒibu du ɡud ˈtadei̯.,Mo li ba ga ipo ixena da bed bano Jibu,mo li ba ɡa ˈipo ˈiʃena da bed ˈbano ˈdʒibu,Bano ga Jibu good,ˈbano ɡa ˈdʒibu ɡud,Jibu ba ba-do good,ˈdʒibu ba ˈbado ɡud,De-mi maybe Jibu do good,ˈdemi ˈmei̯bi ˈdʒibu du ɡud
jibu_droid_reboot_ready_response,Jibu,Reboot weady yes!,ˈwibut ˈwidi ie̯s!,Ga-no gide nad,ˈɡano ˈɡide nad,Ba-mo ready!,ˈbamo ˈwedi!,Ba bama! Ready yes!,ba ˈbama! ˈwedi ie̯s!,Ba-moga reboot weady!,ˈbamoɡa ˈwibut ˈwidi!
jibu_kado_weld_outside_frame,Jibu,Kado you weld outside frame for TC01 already?,ˈkado ˈiu weld aˈutsaid fwei̯m ˈfoo tk01 ˈolwedi?,Li ba-po Kado fa ked weldi kena-pila TC01 bano?,li ˈbapo ˈkado fa ked ˈweldi keˈnapila tk01 ˈbano?,Li Kado ba moga bano? Weld outside!,li ˈkado ba ˈmoɡa ˈbano? weld aˈutsaid!,Kado ba weld da frame fa TC01 bano?,ˈkado ba weld da fwei̯m fa tk01 ˈbano?,Li ba-moga You weld outside frame for TC01 already?,li ˈbamoɡa ˈiu weld aˈutsaid fwei̯m ˈfoo tk01 ˈolwedi?
jibu_saw_schematics_response,Jibu,I see dem yes yes.,ˈai si dem ie̯s ie̯s.,Li xina ipo. Na-nad na-nad.,li ˈʃina ˈipo. ˈnanad ˈnanad.,Li xina ipo. Yes!,li ˈʃina ˈipo. ie̯s!,Li xina ipo. Yes yes.,li ˈʃina ˈipo. ie̯s ie̯s.,"Mi-xa xina, dem yes yes.","ˈmiʃa ˈʃina, dem ie̯s ie̯s."
jibu_ig_droid_delivery_coords,Jibu,Vilo IG dwoid delivery. Need coordinates pwease.,ˈvilo iɡ dwoi̯d ˈdilivei̯. nid koˈodanats pwis.,"Vilu IG djoid pama. Migaba gade, aaxe.","ˈvilu iɡ dʒoi̯d ˈpama. ˈmiɡaba ˈɡade, ˈaaʃe.","Vilu IG djoid pama-no. Need coords, pwease.","ˈvilu iɡ dʒoi̯d ˈpamano. nid kuwds, pwis.","Vilu ig djoid pama, need coordinates pwease.","ˈvilu iɡ dʒoi̯d ˈpama, nid koˈodanats pwis.",Vilu IG djoid pama Need coordinates pwease,ˈvilu iɡ dʒoi̯d ˈpama nid koˈodanats pwis
jibu_need_planet_location,Jibu,Just planet! Jibu need know where on planet.,dʒast ˈplanat! ˈdʒibu nid no ˈwee an ˈplanat.,Ba planeta! Jibu migaba lali ked a planeta.,ba ˈplaneta! ˈdʒibu ˈmiɡaba ˈlali ked a ˈplaneta.,Jibu ba gimi a planeta. Just planet!,ˈdʒibu ba ˈɡimi a ˈplaneta. dʒast ˈplanat!,Jibu need know da planeta!,ˈdʒibu nid no da ˈplaneta!,Da anzel! Jibu need know where on planet.,da ˈansel! ˈdʒibu nid no ˈwee an ˈplanat.
jibu_working_late_response,Jibu,Me work late. Too much to do. Yes.,mi wek lei̯t. tu matʃ tu du. ie̯s.,Ga-mo mi bexa ted. Udu ga ipo. Nad.,ˈɡamo mi ˈbeʃa ted. ˈudu ɡa ˈipo. nad.,Mi bexa-no udu. Too much!,mi ˈbeʃano ˈudu. tu matʃ!,Ga-xi mi bama-ud no. Too much do.,ˈɡaʃi mi ˈbamaud no. tu matʃ du.,Moga ud-no. Too much to do. Yes.,ˈmoɡa ˈudno. tu matʃ tu du. ie̯s.
jibu_kado_dont_go_home_early,Jibu,Kado you better not go home early today.,ˈkado ˈiu ˈbete nat ɡo hom ˈeli ˈtadei̯.,Kado nie ba-bo ga miga ba anzel bedad,ˈkado nie̯ ˈbabo ɡa ˈmiɡa ba ˈansel ˈbedad,"Nie ba ked anzel bano, Kado no go","nie̯ ba ked ˈansel ˈbano, ˈkado no ɡo",Nie ba ba anzel de bano Kado!,nie̯ ba ba ˈansel de ˈbano ˈkado!,Ni gami Kado no go home early today,ni ˈɡami ˈkado no ɡo hom ˈeli ˈtadei̯
jibu_we_ready_boss,Jibu,We ready boss boss.,wi ˈwedi bas bas.,Nad ipo mogaxi dega dega,nad ˈipo ˈmoɡaʃi ˈdeɡa ˈdeɡa,Med mogaxi boss.,med ˈmoɡaʃi bas.,"Ipo mogaxi, boss boss.","ˈipo ˈmoɡaʃi, bas bas.",Ipo ready boss boss,ˈipo ˈwedi bas bas
jibu_hope_you_get_credits_back,Jibu,Oh no. Well hope you get that back with more work.,o no. wel hop ˈiu ɡet dat bak wid ˈmoo wek.,a-o. Li nadixe miga e ba buma ta bexa-udu.,ˈao. li ˈnadiʃe ˈmiɡa e ba ˈbuma ta beˈʃaudu.,"A-o, bano gami ta bexa ud! Work more!","ˈao, ˈbano ˈɡami ta ˈbeʃa ud! wek ˈmoo!",Aaxe. Miga bo mi — hope you get that!,ˈaaʃe. ˈmiɡa bo mi — hop ˈiu ɡet dat!,"A-o nie! Work more. You fix it, yes?","ˈao nie̯! wek ˈmoo. ˈiu fiks it, ie̯s?"
jibu_yes_dont_steal_lunch,Jibu,Yes. You no steal out of cooler Kado.,ie̯s. ˈiu no stil ˈaut av ˈkule ˈkado.,Nad. E ni bumani a ked ka kapa Kado.,nad. e ni ˈbumani a ked ka ˈkapa ˈkado.,E ni bumani ked Kado. No steal!,e ni ˈbumani ked ˈkado. no stil!,Nad. Ni hokipa no steal out of cooler Kado.,nad. ni ˈhokipa no stil ˈaut av ˈkule ˈkado.,Nad. You no steal from cooler Kado.,nad. ˈiu no stil fwam ˈkule ˈkado.
jibu_shaak_meat_stinky,Jibu,So stinky when heat up. Yucky yucky.,so ˈstinki wen hit ap. ˈiaki ˈiaki.,Ipo mumuba ni mukika. Mukika mukika.,ˈipo ˈmumuba ni ˈmukika. ˈmukika ˈmukika.,"Ket mumuba, yucky yucky!","ket ˈmumuba, ˈiaki ˈiaki!",Ked muba ipo lixena. Yucky yucky.,ked ˈmuba ˈipo ˈliʃena. ˈiaki ˈiaki.,Ni-muba so stinky when heat up. Yucky yucky.,ˈnimuba so ˈstinki wen hit ap. ˈiaki ˈiaki.
kado_blows_on_weld,Kado,Very nice...,ˈvewi ˈnais...,ixenixena,iʃeˈniʃena,Ixa nice,ˈiʃa ˈnais,Be-bede nice.,ˈbebede ˈnais.,Degagamie. very nice,deˈɡaɡamie̯. ˈvewi ˈnais
kado_comms_torch,Kado,That should do it.,dat ʃud du it.,Ked ba mogaxi.,ked ba ˈmoɡaʃi.,Ked ba mogaxi! Good!,ked ba ˈmoɡaʃi! ɡud!,Ked ba go good!,ked ba ɡo ɡud!,Ked ba mogaxi! all done!,ked ba ˈmoɡaʃi! ol dan!
kado_comms_panel_fix,Kado,You're welcome.,ˈiuu ˈwelkam.,Degaemi.,deˈɡaemi.,Degaemi welcome,deˈɡaemi ˈwelkam,Degaemi yes,deˈɡaemi ie̯s,Degaemi welcome!,deˈɡaemi ˈwelkam!
kado_thank_me_later,Kado,You can thank me later.,ˈiu kan tank mi ˈlei̯te.,Li gami mi degamie ba-mo,li ˈɡami mi ˈdeɡamie̯ ˈbamo,"Ba mogaxi mi, thank you!","ba ˈmoɡaʃi mi, tank ˈiu!",Miga mi thank you,ˈmiɡa mi tank ˈiu,Degaemi thank me later,deˈɡaemi tank mi ˈlei̯te
kado_good_enough,Kado,Good enough!,ɡud ˈinaf!,Ixena abo,ˈiʃena ˈabo,Ixena good!,ˈiʃena ɡud!,Ixena good!,ˈiʃena ɡud!,Ixena good enough!,ˈiʃena ɡud ˈinaf!
kado_welds_droid_eye,Kado,Come on...,kam an...,Ba haba,ba ˈhaba,Ba haba come,ba ˈhaba kam,"Ba haba, come","ba ˈhaba, kam",Ba haba! Come on...,ba ˈhaba! kam an...
kado_torch_droid_eye,Kado,I've always wanted to do this.,ˈaiv ˈolwei̯s ˈwontid tu du dis.,Udmo mi miga ga-bo ked,ˈudmo mi ˈmiɡa ˈɡabo ked,Udmo miga mi ga bano this thing,ˈudmo ˈmiɡa mi ɡa ˈbano dis tin,Udmo mi miga do this!,ˈudmo mi ˈmiɡa du dis!,Mo mi want do this,mo mi want du dis
kado_torch_ifix,Kado,Kado will fix.,ˈkado wil fiks.,Moga-bo Kado.,ˈmoɡabo ˈkado.,Moga-bo fix,ˈmoɡabo fiks,Moga-bo Kado fix,ˈmoɡabo ˈkado fiks,Moga-bo fix Kado,ˈmoɡabo fiks ˈkado
kado_welding_check,Kado,Almost there!,ˈolmost ˈdee!,Almost there!,ˈalmost ˈdee!,Ke-muba almost,ˈkemuba ˈolmost,Mumuba! Almost!,ˈmumuba! ˈolmost!,Ba-mo almost there!,ˈbamo ˈolmost ˈdee!
kado_droid_its_alive,Kado,I got this!,ˈai ɡat dis!,Bamo mi ked-ipo!,ˈbamo mi ˈkedipo!,Ba-mo mi got it!,ˈbamo mi ɡat it!,Bamo mi! Got this!,ˈbamo mi! ɡat dis!,Bamo mi got this!,ˈbamo mi ɡat dis!
kado_remains_calm,Kado,You no worry. Kado save the day.,ˈiu no wei̯. ˈkado sei̯v da dei̯.,Nie bana-bo e. Kado ga-no moga da bed!,nie̯ ˈbanabo e. ˈkado ˈɡano ˈmoɡa da bed!,Nie miga-bo e bana. Kado save day!,nie̯ ˈmiɡabo e ˈbana. ˈkado sei̯v dei̯!,Nie miga-bo e! Kado save the day!,nie̯ ˈmiɡabo e! ˈkado sei̯v da dei̯!,Nie po-miga-va You no worry. Kado save day!,nie̯ poˈmiɡava ˈiu no wei̯. ˈkado sei̯v dei̯!
kado_tracing,Kado,Much better!,matʃ ˈbete!,Ixenudu!,iˈʃenudu!,Ixenudu better!,iˈʃenudu ˈbete!,Much ixenudu!,matʃ iˈʃenudu!,Ixenudu good job!,iˈʃenudu ɡud dʒab!
kado_fan_alert_jibu,Kado,You gonna deal with the heat anytime soon?,ˈiu ˈɡana dil wid da hit eˈnitaim sun?,Li moga e ipo muba bano?,li ˈmoɡa e ˈipo ˈmuba ˈbano?,Li moga e ipo bo heat soon?,li ˈmoɡa e ˈipo bo hit sun?,Li moga e bano? You deal heat?,li ˈmoɡa e ˈbano? ˈiu dil hit?,Li moga you gonna deal the heat soon?,li ˈmoɡa ˈiu ˈɡana dil da hit sun?
kado_getting_hot,Kado,Is it hot in here?,is it hat in ˈhii?,Li ked ipo muba a ked?,li ked ˈipo ˈmuba a ked?,Li ked muba hot?,li ked ˈmuba hat?,Li ked muba? Hot it?,li ked ˈmuba? hat it?,Li ked muba hot in here?,li ked ˈmuba hat in ˈhii?
kado_getting_cold,Kado,You got the fan on overdrive?,ˈiu ɡat da fan an oˈvedwaiv?,Li gapa e ta tomig ixen ipo?,li ˈɡapa e ta ˈtomiɡ ˈiʃen ˈipo?,Li gimani ba ixen fan on?,li ˈɡimani ba ˈiʃen fan an?,Fan on overdrive? Li ked tumu.,fan an oˈvedwaiv? li ked ˈtumu.,Li gimani fan on overdrive?,li ˈɡimani fan an oˈvedwaiv?
kado_its_too_cold,Kado,It's too cold in here.,its tu kold in ˈhii.,Ked mu-ika,ked ˈmuika,Ked ni ika cold!,ked ni ˈika kold!,Ked ika! Too cold!,ked ˈika! tu kold!,"Ket ika, too cold!","ket ˈika, tu kold!"
kado_so_cold,Kado,Is something broken? It's so cold.,is ˈsamtin ˈbwokan? its so kold.,Li ket nipo boken? Mumuba iga.,li ket ˈnipo ˈboken? ˈmumuba ˈiɡa.,Li ga ipo? Cold mumuba.,li ɡa ˈipo? kold ˈmumuba.,Ked ika! Something broken?,ked ˈika! ˈsamtin ˈbwokan?,Li ga ipo? So cold!,li ɡa ˈipo? so kold!
kado_almost_there,Kado,Any second...,ˈeni ˈsekand...,bed be,bed be,Tibana-mu now,tiˈbanamu ˈnau,Mado-tib now,ˈmadotib ˈnau,Beded any second,ˈbeded ˈeni ˈsekand
kado_responds_awake,Kado,"Right, we heard you already.","ˈwait, wi hed ˈiu ˈolwedi.","Nad, hena-mo e med bano.","nad, ˈhenamo e med ˈbano.","Na-nad, hena-no e ed heard!","ˈnanad, ˈhenano e ed hed!",E-hena-no mi right,eˈhenano mi ˈwait,"Adega, we heard you already","ˈadeɡa, wi hed ˈiu ˈolwedi"
kado_switchboard_alert,Kado,"Hey Jibu, things look a little flashy over there...","hei̯ ˈdʒibu, tins luk a ˈlital ˈflaʃi ˈove ˈdee...","Hei Jibu, nixetu-mo ked-ba.","hei̯ ˈdʒibu, niˈʃetumo ˈkedba.","Hei Jibu, nixetu ked-ba! flashy over","hei̯ ˈdʒibu, ˈniʃetu ˈkedba! ˈflaʃi ˈove","Hei Jibu, flicker there!","hei̯ ˈdʒibu, ˈflike ˈdee!","Hei Jibu, things look a little flashy over there","hei̯ ˈdʒibu, tins luk a ˈlital ˈflaʃi ˈove ˈdee"
kado_sad_display_1,Kado,Hey boss! I think you've got a problem up there.,hei̯ bas! ˈai tink ˈiuv ɡat a ˈpwablam ap ˈdee.,Hei dega! Banada mi buma e-va ked pobem.,hei̯ ˈdeɡa! ˈbanada mi ˈbuma ˈeva ked ˈpobem.,Hei dega! Banada mi buma e-va... problem up!,hei̯ ˈdeɡa! ˈbanada mi ˈbuma ˈeva... ˈpwablam ap!,Hei dega! I think you got problem!,hei̯ ˈdeɡa! ˈai tink ˈiu ɡat ˈpwablam!,Hei dega! You boss got big problem up there!,hei̯ ˈdeɡa! ˈiu bas ɡat biɡ ˈpwablam ap ˈdee!
kado_looks_display_1,Kado,Am I the only one working here?,am ˈai da ˈonli wan ˈwekin ˈhii?,Li mi ba bexa-ke mo ked?,li mi ba ˈbeʃake mo ked?,Li mi-va bexa here working!,li ˈmiva ˈbeʃa ˈhii ˈwekin!,Am I the only? Li mi va bexa?,am ˈai da ˈonli? li mi va ˈbeʃa?,Ipo med ba work here?,ˈipo med ba wek ˈhii?
kado_swivels_mubo,Kado,The Purple One has spoken!,da ˈpepal wan has ˈspokan!,Ka kapa-ka la-no,ka ˈkapaka ˈlano,Ka kape ked-ba spoken!,ka ˈkape ˈkedba ˈspokan!,Da purpula kena! Has spoken!,da ˈpuwpula ˈkena! has ˈspokan!,Da kapa la spoken!,da ˈkapa la ˈspokan!
kado_solders_circuit,Kado,Hold still...,hold stil...,nie ba haba!,nie̯ ba ˈhaba!,Nie ba hena hold still!,nie̯ ba ˈhena hold stil!,Nie paga hold!,nie̯ ˈpaɡa hold!,Nie ba hold still!,nie̯ ba hold stil!
kado_power_dropping,Kado,"That's bad, isn't it?","dats bad, ˈisant it?","Ked bad, li?","ked bad, li?",Ked bad bad!,ked bad bad!,"Ked bad, no?","ked bad, no?","Ked bad, bad!","ked bad, bad!"
kado_droid_off,Kado,The droid shut off!,da dwoi̯d ʃat of!,Da djoid tumunie!,da dʒoi̯d ˈtumunie̯!,Da djoid off!,da dʒoi̯d of!,Droid off! Da tumunie!,dwoi̯d of! da ˈtumunie̯!,Tumu no power!,ˈtumu no ˈpaue!
kado_droid_hello,Kado,Who are you?,hu ˈaa ˈiu?,Li e?,li e?,Li e who?,li e hu?,Li you?,li ˈiu?,Li who you?,li hu ˈiu?
kado_pokes_droid_fine,Kado,You're gonna be just fine.,ˈiuu ˈɡana bi dʒast ˈfain.,Bo e ixena.,bo e ˈiʃena.,Bo e ixena fine,bo e ˈiʃena ˈfain,Bo e fine,bo e ˈfain,ixena you be fine,ˈiʃena ˈiu bi ˈfain
kado_droid_alarm,Kado,Hey you guys...,hei̯ ˈiu ˈɡais...,Hei ed!,hei̯ ed!,Hei e guys,hei̯ e ˈɡais,Hei you,hei̯ ˈiu,Hei you guys,hei̯ ˈiu ˈɡais
kado_no_advice,Kado,I don't need your advice.,ˈai dont nid ˈioo ˈadvais.,Nie gami mi bana a exo.,nie̯ ˈɡami mi ˈbana a ˈeʃo.,Nie migaba mi advice!,nie̯ ˈmiɡaba mi ˈadvais!,"Nie gami mi, no need!","nie̯ ˈɡami mi, no nid!",Nie no need your advice,nie̯ no nid ˈioo ˈadvais
kado_not_helping,Kado,You're not helping.,ˈiuu nat ˈhelpin.,Nie bexame e!,nie̯ ˈbeʃame e!,Nie ba help!,nie̯ ba help!,Nie bexame! No help!,nie̯ ˈbeʃame! no help!,Nie ba no help!,nie̯ ba no help!
kado_trust_us,Kado,Trust us. We're professionals.,twast as. ˈwii pwaˈfeʃanals.,Ba biba. Med bexa.,ba ˈbiba. med ˈbeʃa.,Med ixena-va trust!,med iˈʃenava twast!,Med. Professional us!,med. pwaˈfeʃanal as!,Dega-mi we professional,ˈdeɡami wi pwaˈfeʃanal
kado_calm_down,Kado,Calm down already.,kam ˈdaun ˈolwedi.,Ba pilage.,ba ˈpilaɡe.,Ba pilage calm down!,ba ˈpilaɡe kam ˈdaun!,Ba pilage! Calm down!,ba ˈpilaɡe! kam ˈdaun!,Pilage calm down!,ˈpilaɡe kam ˈdaun!
kado_droid_repaired,Kado,It's ready!,its ˈwedi!,Ipo mogaxi!,ˈipo ˈmoɡaʃi!,Ipo ready!,ˈipo ˈwedi!,Ipo ready!,ˈipo ˈwedi!,Mogaxi ready!,ˈmoɡaʃi ˈwedi!
kado_blames_jibu,Kado,You're in trouble now.,ˈiuu in ˈtwabal ˈnau.,E-va a pobem bano.,ˈeva a ˈpobem ˈbano.,E-va pobem trouble!,ˈeva ˈpobem ˈtwabal!,E-va pobem now!,ˈeva ˈpobem ˈnau!,E-va you in trouble now,ˈeva ˈiu in ˈtwabal ˈnau
kado_lights_on,Kado,"Back to work, I guess.","bak tu wek, ˈai ɡes.","O bexa, banada mi.","o ˈbeʃa, ˈbanada mi.","O bexa, think me back","o ˈbeʃa, tink mi bak","Banada mi, back work","ˈbanada mi, bak wek","Banada I, back to work","ˈbanada ˈai, bak tu wek"
kado_sad_gauge_1,Kado,"Sigh. Classy establishment, they said.","ˈsai. ˈklasi isˈtabliʃmant, dei̯ sed.","Fan. Ka ud bexa, la-da","fan. ka ud ˈbeʃa, ˈlada","Ba-seka bexa po-ed mada, class!","ˈbaseka ˈbeʃa ˈpoed ˈmada, klas!",Ka bexa classy place,ka ˈbeʃa ˈklasi plei̯s,"Bexa xa nobi, they said.","ˈbeʃa ʃa ˈnobi, dei̯ sed."
kado_gauge_leanin,Kado,See? No problem.,si? no ˈpwablam.,Xina? Nie pobem.,ˈʃina? nie̯ ˈpobem.,Li po-xina? no problem!,li ˈpoʃina? no ˈpwablam!,Li xina? No problem!,li ˈʃina? no ˈpwablam!,Xina no problem!,ˈʃina no ˈpwablam!
kado_gauge_sad_01,Kado,I should've stayed home.,ˈai ˈʃudav stei̯d hom.,Gami-pe-no mi o anzel.,ɡaˈmipeno mi o ˈansel.,Gami-pe-no mi home bad!,ɡaˈmipeno mi hom bad!,Gami-pe-no mi stay home,ɡaˈmipeno mi stei̯ hom,Gami-pe-no mi stay home,ɡaˈmipeno mi stei̯ hom
kado_gauge_recruit_jibu,Kado,"You gonna help with that, already?","ˈiu ˈɡana help wid dat, ˈolwedi?",Li bexame e ked-ipo bano?,li ˈbeʃame e ˈkedipo ˈbano?,Li bexamed bano help you?,li ˈbeʃamed ˈbano help ˈiu?,Li bexamed e bano? You help?,li ˈbeʃamed e ˈbano? ˈiu help?,Li bexame help you bano,li ˈbeʃame help ˈiu ˈbano
kado_celebration,Kado,It worked!,it wekt!,Ixen-no!,ˈiʃenno!,Ixen-no worked!,ˈiʃenno wekt!,Ixen-no! Worked!,ˈiʃenno! wekt!,Ixen-no! it work!,ˈiʃenno! it wek!
kado_building_time,Kado,It's building time!,its ˈbildin ˈtaim!,Ga bama mo med bed,ɡa ˈbama mo med bed,Ba moga build time,ba ˈmoɡa bild ˈtaim,"Bed mo, build time!","bed mo, bild ˈtaim!",Tabano build time!,ˈtabano bild ˈtaim!
kado_thats_not_good,Kado,That's not good.,dats nat ɡud.,Nie ked-ba ixena.,nie̯ ˈkedba ˈiʃena.,Nie ked ixena no good.,nie̯ ked ˈiʃena no ɡud.,Nie ked-ba good not!,nie̯ ˈkedba ɡud nat!,Nie ked no good!,nie̯ ked no ɡud!
kado_broken_reaction,Kado,That's not the way that's supposed to work.,dats nat da wei̯ dats ˈsaposd tu wek.,Nie ked-ba da waba ketaxi ixena,nie̯ ˈkedba da ˈwaba ˈketaʃi ˈiʃena,Nie ked-ba moga pene-bexa not work!,nie̯ ˈkedba ˈmoɡa peˈnebeʃa nat wek!,Nie ked-ba ba bexa! Not work!,nie̯ ˈkedba ba ˈbeʃa! nat wek!,Nie ked-ba not work like that!,nie̯ ˈkedba nat wek ˈlaik dat!
kado_power_not_me,Kado,Hey I wasn't even touching anything!,hei̯ ˈai ˈwasant ˈivin ˈtatʃin ˈenitin!,"Hei, paga-no-mo mi nipo!","hei̯, paˈɡanomo mi ˈnipo!","Hei, nie paga-no-mo nothing touch!","hei̯, nie̯ paˈɡanomo ˈnatin tatʃ!","Hei, paga-no-mo nothing touch!","hei̯, paˈɡanomo ˈnatin tatʃ!","Hei, nie paga-no-mo mi nipo! no touch anything!","hei̯, nie̯ paˈɡanomo mi ˈnipo! no tatʃ ˈenitin!"
kado_lights_off,Kado,Nap time!,nap ˈtaim!,Mada bano!,ˈmada ˈbano!,Mada bano! nap,ˈmada ˈbano! nap,Mada bano! Nap!,ˈmada ˈbano! nap!,Mada nap time!,ˈmada nap ˈtaim!
kado_data_panel_scrambled,Kado,"You broke the panel again, didn't you?","ˈiu bwok da ˈpanal ˈaɡen, ˈdidant ˈiu?","Li bok-no e da napa, li?","li ˈbokno e da ˈnapa, li?",Li bok-no e da napa panel broken!,li ˈbokno e da ˈnapa ˈpanal ˈbwokan!,"Li bok-no ta da napa, panel broken!","li ˈbokno ta da ˈnapa, ˈpanal ˈbwokan!","Li bok-no panel broken again, li?","li ˈbokno ˈpanal ˈbwokan ˈaɡen, li?"
kado_mubo_sarcasm,Kado,Oh sure. Better hurry up for the Rebellion!,o ˈʃuu. ˈbete hei̯ ap ˈfoo da wiˈbelian!,"Oh, nadixe. Gami haba a da rebelion!","oh, ˈnadiʃe. ˈɡami ˈhaba a da weˈbelion!",Oh nadixe. Gami haba a da rebelion! better hurry,o ˈnadiʃe. ˈɡami ˈhaba a da weˈbelion! ˈbete hei̯,Nadixe-nip! Better hurry for rebelion!,naˈdiʃenip! ˈbete hei̯ ˈfoo weˈbelion!,Nadixe! You better hurry for rebelion!,ˈnadiʃe! ˈiu ˈbete hei̯ ˈfoo weˈbelion!
kado_rebellion_rush,Kado,Mmmm-hmmm. The Rebels are always in a rush.,mmmmhmmm. da ˈwebals ˈaa ˈolwei̯s in a waʃ.,Mmmm-hmmm. Haba da rebelion udmo.,mmmm.hmmm. ˈhaba da weˈbelion ˈudmo.,Nad. Haba da rebelion udmo rush now!,nad. ˈhaba da weˈbelion ˈudmo waʃ ˈnau!,Haba da rebelion udmo. Rebels rush!,ˈhaba da weˈbelion ˈudmo. ˈwebals waʃ!,Mumuba. Rebels always hurry up!,ˈmumuba. ˈwebals ˈolwei̯s hei̯ ap!
kado_rebels_rush,Kado,Rebels always in a rush.,ˈwebals ˈolwei̯s in a waʃ.,Haba ta rebelion udmo.,ˈhaba ta weˈbelion ˈudmo.,Haba ta rebelion rush!,ˈhaba ta weˈbelion waʃ!,Rebel hurry udmo,ˈwebal hei̯ ˈudmo,Udmo rebels always in rush,ˈudmo ˈwebals ˈolwei̯s in waʃ
kado_mubo_secret_mission,Kado,A secret mission!,a ˈsikwat ˈmiʃan!,A secret mission!,a ˈsikwat ˈmission!,Ba moga secret!,ba ˈmoɡa ˈsikwat!,Da ga secret mission!,da ɡa ˈsikwat ˈmiʃan!,Banad secret mission!,ˈbanad ˈsikwat ˈmiʃan!
kado_droid_thiswonthurt,Kado,This won't hurt a bit.,dis wont het a bit.,Nie bo godi ked e-po.,nie̯ bo ˈɡodi ked ˈepo.,Nie bo godi hurt!,nie̯ bo ˈɡodi het!,"Nie bo hurt, ked e-po!","nie̯ bo het, ked ˈepo!",Nie bo no hurt it,nie̯ bo no het it
kado_response_not_my_fault,Kado,It wasn't me!,it ˈwasant mi!,Nie ga-no mi ipo!,nie̯ ˈɡano mi ˈipo!,Nie ga-no me!,nie̯ ˈɡano mi!,Nie ga-no mi! Not me!,nie̯ ˈɡano mi! nat mi!,Nie ga-no me!,nie̯ ˈɡano mi!
kado_response_he_did_it,Kado,Uhhhh... he did it!,uhhhh... hi did it!,"Uu, ga-no ipo!","ˈuu, ˈɡano ˈipo!","Uu, ga-no it!","ˈuu, ˈɡano it!",Uu ga-no it!,ˈuu ˈɡano it!,"Uu, he did it!","ˈuu, hi did it!"
kado_response_calm_down,Kado,"Cool your thrusters, already.","kul ˈioo ˈtwastes, ˈolwedi.",Tumunie e gimaded.,ˈtumunie̯ e ˈɡimaded.,Ket tumu gimade cool!,ket ˈtumu ˈɡimade kul!,Tumu nie gimade! Cool now!,ˈtumu nie̯ ˈɡimade! kul ˈnau!,"Nie ket tumu, cool thrusters!","nie̯ ket ˈtumu, kul ˈtwastes!"
kado_response_cranky,Kado,Somebody's cranky.,ˈsambadis ˈkwanki.,Ipo goda,ˈipo ˈɡoda,Ipo goda cranky!,ˈipo ˈɡoda ˈkwanki!,Goda cranky,ˈɡoda ˈkwanki,Ipo cranky!,ˈipo ˈkwanki!
kado_all_fixed,Kado,Ta-da!,ˈtada!,Degagamie!,deˈɡaɡamie̯!,Tabu ete! Ta-da!,ˈtabu ˈete! ˈtada!,Tabu ete! Ta-da!,ˈtabu ˈete! ˈtada!,Ba-no! Ta-da!,ˈbano! ˈtada!
kado_lets_get_started,Kado,Let's get to work!,lets ɡet tu wek!,Ba bexa med-va!,ba ˈbeʃa ˈmedva!,Ba bexa med-va work!,ba ˈbeʃa ˈmedva wek!,Ba bexa! Work now!,ba ˈbeʃa! wek ˈnau!,Ba work now!,ba wek ˈnau!
kado_lets_go,Kado,Let's go!,lets ɡo!,Ba med-va!,ba ˈmedva!,Ba med-va! go!,ba ˈmedva! ɡo!,Ba! Go!,ba! ɡo!,Ba go!,ba ɡo!
kado_wants_fix_droids,Kado,Who wants to fix some droids?,hu wants tu fiks sam dwoi̯ds?,Li miga a djoid ba moga?,li ˈmiɡa a dʒoi̯d ba ˈmoɡa?,Li miga mi ba moga droids ready?,li ˈmiɡa mi ba ˈmoɡa dwoi̯ds ˈwedi?,Li miga med? Fix droids!,li ˈmiɡa med? fiks dwoi̯ds!,Li mi go fix droids?,li mi ɡo fiks dwoi̯ds?
kado_jibu_hurry_up,Kado,You waiting for something in particular?,ˈiu ˈwei̯tin ˈfoo ˈsamtin in petiˈkiale?,Li haba-mo e bexani?,li ˈhabamo e ˈbeʃani?,Li ba ni po bana something waiting?,li ba ni po ˈbana ˈsamtin ˈwei̯tin?,Li miga e po nid? waiting something?,li ˈmiɡa e po nid? ˈwei̯tin ˈsamtin?,Va pama? You wait something?,va ˈpama? ˈiu wei̯t ˈsamtin?
kado_droid_stop_talking,Kado,Stop talking already!,stap ˈtokin ˈolwedi!,Nie ba la bano!,nie̯ ba la ˈbano!,Nie ba la stop!,nie̯ ba la stap!,Nie ba stop talking!,nie̯ ba stap ˈtokin!,Nie ba la stop talking!,nie̯ ba la stap ˈtokin!
kado_makes_announcement,Kado,You're not gonna believe this.,ˈiuu nat ˈɡana ˈbiliv dis.,Nie bana-bo e ked.,nie̯ ˈbanabo e ked.,Nie bana-bo e ked believe!,nie̯ ˈbanabo e ked ˈbiliv!,Nie bama-bo not gonna,nie̯ ˈbamabo nat ˈɡana,Nie ba la you no believe,nie̯ ba la ˈiu no ˈbiliv
kado_celebrates,Kado,Heyyyyy!,hei̯iˈiii!,Hei!,hei̯!,Hei! hey!,hei̯! hei̯!,Hei! Hey!,hei̯! hei̯!,Hei! hey!,hei̯! hei̯!
kado_celebratory_dancing,Kado,Hooray!,ˈhuwei̯!,Tabu ete!,ˈtabu ˈete!,Tabu ete! woohoo!,ˈtabu ˈete! woˈohoo!,Tabu! Hooray!,ˈtabu! ˈhuwei̯!,Tabu ete! Woohoo!,ˈtabu ˈete! woˈohoo!
kado_power_back,Kado,Told ya it was going to be fine.,told ˈia it was ɡoi̯n tu bi ˈfain.,La-no mi e bo ipo ixena.,ˈlano mi e bo ˈipo ˈiʃena.,"La-no mi e bo, all good!","ˈlano mi e bo, ol ɡud!","La-no mi, it be fine!","ˈlano mi, it bi ˈfain!","La-no mi you see, it good!","ˈlano mi ˈiu si, it ɡud!"
kado_yeah_yeah,Kado,"Yeah, yeah, I'm on it.","ˈia, ˈia, ˈaim an it.","Nadixe, nadixe, ga-mo mi","ˈnadiʃe, ˈnadiʃe, ˈɡamo mi","Nad, nad, ga-mo mi ON IT","nad, nad, ˈɡamo mi an it","Ga-mo mi, yeah yeah","ˈɡamo mi, ˈia ˈia","Nad nad, I do it","nad nad, ˈai du it"
kado_bickering_jibu,Kado,"Easy, goodie two shoes.","ˈisi, ˈɡudi tu ʃus.",Abo bimtaxi.,ˈabo ˈbimtaʃi.,Abo bimtaxi! goodie,ˈabo ˈbimtaʃi! ˈɡudi,Abobo goody two shoes!,ˈabobo ˈɡudi tu ʃus!,Bimtaxi you goodie two shoes,ˈbimtaʃi ˈiu ˈɡudi tu ʃus
kado_talks_to_vilo,Kado,"Hey boss, what about that raise you promised us?","hei̯ bas, wat ˈabaut dat wei̯s ˈiu ˈpwamast as?","Hei adega, li keditu la-no e med-po?","hei̯ ˈadeɡa, li ˈkeditu ˈlano e ˈmedpo?","Hei dega, li keditu la-no e med-po raise now!","hei̯ ˈdeɡa, li ˈkeditu ˈlano e ˈmedpo wei̯s ˈnau!","Hei adega, li keditu Raise you promise us?","hei̯ ˈadeɡa, li ˈkeditu wei̯s ˈiu ˈpwamas as?","Hei adega, you say the raise you promised us?","hei̯ ˈadeɡa, ˈiu sei̯ da wei̯s ˈiu ˈpwamast as?"
kado_asks_jibu,Kado,You really want to ask me that?,ˈiu ˈwili want tu ask mi dat?,Li miga e ba lali mi?,li ˈmiɡa e ba ˈlali mi?,Li miga e ba lali me ask,li ˈmiɡa e ba ˈlali mi ask,Li miga e ba ask me that?,li ˈmiɡa e ba ask mi dat?,Li miga you want to ask me?,li ˈmiɡa ˈiu want tu ask mi?
kado_asks_vilo,Kado,"You sure that's the right move, boss?","ˈiu ˈʃuu dats da ˈwait muv, bas?","Li bana e ipo ixena, dega?","li ˈbana e ˈipo ˈiʃena, ˈdeɡa?","Li bana e ked-ba ixena, boss?","li ˈbana e ˈkedba ˈiʃena, bas?","Li bana, boss? You sure?","li ˈbana, bas? ˈiu ˈʃuu?","Li bana e ked-ba you sure right move, boss?","li ˈbana e ˈkedba ˈiu ˈʃuu ˈwait muv, bas?"
kado_quota_enough,Kado,Enough with the quotas already.,ˈinaf wid da ˈkwotas ˈolwedi.,Ni ba pensan-vo bano!,ni ba ˈpensanvo ˈbano!,Nie la bexa-nie now!,nie̯ la ˈbeʃanie̯ ˈnau!,Nie ba Stop quotas!,nie̯ ba stap ˈkwotas!,Bexa-nie no more quotas!,ˈbeʃanie̯ no ˈmoo ˈkwotas!
kado_speeder_garage_heard,Kado,Did you hear about the Speeder Garage?,did ˈiu ˈhii ˈabaut da ˈspide ˈɡeaʃ?,Li hena e ta Gimani garedji?,li ˈhena e ta ˈɡimani ˈɡaweddʒi?,"Li hena e Speeder Garage, yes?","li ˈhena e ˈspide ˈɡeaʃ, ie̯s?",Li hena! Speeder Garage?,li ˈhena! ˈspide ˈɡeaʃ?,Li hena you hear speeder garage?,li ˈhena ˈiu ˈhii ˈspide ˈɡeaʃ?
kado_protocol_droid_ask,Kado,"Hey Jibu, you been able to get this protocol droid working?","hei̯ ˈdʒibu, ˈiu bin ˈei̯bal tu ɡet dis ˈpwotakal dwoi̯d ˈwekin?","Hei Jibu, e gami ixen ked a potokol djoid mo?","hei̯ ˈdʒibu, e ˈɡami ˈiʃen ked a ˈpotokol dʒoi̯d mo?","Hei Jibu, e-ga gami bexa a potokol djoid ipago work it?","hei̯ ˈdʒibu, ˈeɡa ˈɡami ˈbeʃa a ˈpotokol dʒoi̯d ˈipaɡo wek it?","Hei Jibu, gami bexa-ipo! Droid no work yet.","hei̯ ˈdʒibu, ˈɡami beˈʃaipo! dwoi̯d no wek ie̯t.","Hei Jibu, you-va can fix this protocol droid?","hei̯ ˈdʒibu, iˈauva kan fiks dis ˈpwotakal dwoi̯d?"
kado_protocol_droid_focus,Kado,Focus. That droid's not a priority unless we're getting paid for it to be a priority.,ˈfokas. dat dwoi̯ds nat a pwaiˈowati ˈanles ˈwii ˈɡetin pei̯d ˈfoo it tu bi a pwaiˈowati.,Foka. Ked-ba djoid ni apo bo med gapa ka bo apo.,ˈfoka. ˈkedba dʒoi̯d ni ˈapo bo med ˈɡapa ka bo ˈapo.,Li da djoid ket tumunie. We getting paid for it.,li da dʒoi̯d ket ˈtumunie̯. wi ˈɡetin pei̯d ˈfoo it.,Po djoid va ni gami pama ipo gola. Not priority if no get pay.,po dʒoi̯d va ni ˈɡami ˈpama ˈipo ˈɡola. nat pwaiˈowati if no ɡet pei̯.,Pudu! Focus. That droid no priority if we no get pay for it.,ˈpudu! ˈfokas. dat dwoi̯d no pwaiˈowati if wi no ɡet pei̯ ˈfoo it.
kado_droid_not_priority,Kado,The droid's not a priority until we're paid for it to be a priority.,da dwoi̯ds nat a pwaiˈowati ˈantil ˈwii pei̯d ˈfoo it tu bi a pwaiˈowati.,Nie po-prio vado ba-moga ni gapa-mo med ka pama ba-moga po-prio,nie̯ ˈpopwio ˈvado ˈbamoɡa ni ˈɡapamo med ka ˈpama ˈbamoɡa ˈpopwio,"Da djoid ni va hena ga bama, le paid you first","da dʒoi̯d ni va ˈhena ɡa ˈbama, le pei̯d ˈiu fest",The droid not priority! Ni-va ked tumunie ba gapa-no med tumu.,da dwoi̯d nat pwaiˈowati! ˈniva ked ˈtumunie̯ ba ˈɡapano med ˈtumu.,"Da djoid ni-ga gami. We no pay, no priority yet.","da dʒoi̯d ˈniɡa ˈɡami. wi no pei̯, no pwaiˈowati ie̯t."
kado_hutt_droid_jealous,Kado,Sure. Let Jibu have all the fun repairs.,ˈʃuu. let ˈdʒibu hav ol da fan ˈwipes.,Nadixe. Ba pama ked-ba Jibu ixen mogaxi-po,ˈnadiʃe. ba ˈpama ˈkedba ˈdʒibu ˈiʃen moˈɡaʃipo,Nadixe. La-pama ked-ba Jibu po work fixed!,ˈnadiʃe. ˈlapama ˈkedba ˈdʒibu po wek fikst!,Nadixe. Ba pama da Jibu all fun repairs.,ˈnadiʃe. ba ˈpama da ˈdʒibu ol fan ˈwipes.,Nadixe. Let Jibu has all fun repairs.,ˈnadiʃe. let ˈdʒibu has ol fan ˈwipes.
kado_oga_heard,Kado,You hear what happened at Oga's last night?,ˈiu ˈhii wat ˈhapand at ˈoɡas last ˈnait?,Li hena e ga-no a Oga bed-no?,li ˈhena e ˈɡano a ˈoɡa ˈbedno?,Li hena e a Oga tepe-no last night?,li ˈhena e a ˈoɡa ˈtepeno last ˈnait?,Li hena e ta Oga bed-no? What happen?,li ˈhena e ta ˈoɡa ˈbedno? wat ˈhapan?,Li hena Oga night last happen?,li ˈhena ˈoɡa ˈnait last ˈhapan?
kado_jedi_intown,Kado,Heard an offworlder saying a Jedi's in town.,hed an ˈoffwowldew ˈsei̯in a ˈdʒedis in ˈtaun.,"Hena-no mi ka ofuwoda, la-no da Jedi ked anzel.","ˈhenano mi ka oˈfuwoda, ˈlano da ˈdʒedi ked ˈansel.",Hena-no mi ka a offworld Jedi here!,ˈhenano mi ka a ˈoffwowld ˈdʒedi ˈhii!,Hena-no mi la Jedi in town.,ˈhenano mi la ˈdʒedi in ˈtaun.,Hei! Heard offworlder say Jedi here.,hei̯! hed ˈoffwowldew sei̯ ˈdʒedi ˈhii.
kado_guest_offworlders_happy_reply,Kado,The Offworlders are happy cause they're not building droids all day.,da ˈoffwowldews ˈaa ˈhapi kas ˈdee nat ˈbildin dwoi̯ds ol dei̯.,Xeba ipo ixa le nie bexa da djoid ud bed,ˈʃeba ˈipo ˈiʃa le nie̯ ˈbeʃa da dʒoi̯d ud bed,"Da anzabi-VA ixa, bexa nie. Not building droids.","da anˈsabiva ˈiʃa, ˈbeʃa nie̯. nat ˈbildin dwoi̯ds.",Da anzelipo ixa! They no build droids all day!,da anˈselipo ˈiʃa! dei̯ no bild dwoi̯ds ol dei̯!,Bomu! Offworlders happy no build droids all day,ˈbomu! ˈoffwowldews ˈhapi no bild dwoi̯ds ol dei̯
kado_guest_offworlders_happy_reply_v2,Kado,The Offworlders are happy cause they're not stuck in this workshop all day.,da ˈoffwowldews ˈaa ˈhapi kas ˈdee nat stak in dis ˈwekʃap ol dei̯.,Ipo ixena da offworlder-po le ni fis ba anzel bago beded,ˈipo ˈiʃena da ofˈfwowldewpo le ni fis ba ˈansel ˈbaɡo ˈbeded,"Da anzabi ixena ipo, nie po-kike kate tumunie med adega. no stuck in!","da ˈansabi ˈiʃena ˈipo, nie̯ ˈpokike kei̯t ˈtumunie̯ med ˈadeɡa. no stak in!",Ipo ixena po offworlder! Not stuck in workshop day!,ˈipo ˈiʃena po ˈoffwowldew! nat stak in ˈwekʃap dei̯!,Ipo ixena ked no stuck in this workshop all day,ˈipo ˈiʃena ked no stak in dis ˈwekʃap ol dei̯
kado_guest_hate_watching,Kado,Ugh. I hate it when the Offworlders just watch us.,aɡ. ˈai hei̯t it wen da ˈoffwowldews dʒast watʃ as.,"Apua, ga-mi goda ba ta Kedmi po offwawoda, xina-no-mo mi.","ˈapua, ˈɡami ˈɡoda ba ta ˈkedmi po ofˈfwawoda, ʃiˈnanomo mi.","Ik no ba-sidedi ni mi, watch us!","ik no baˈsidedi ni mi, watʃ as!",I hate it! Nixena mi po-anzabi.,ˈai hei̯t it! ˈniʃena mi poˈansabi.,"Na goda mo, offworlders just watch us.","na ˈɡoda mo, ˈoffwowldews dʒast watʃ as."
kado_guest_neither_funny,Kado,Neither one of you are funny.,ˈnide wan av ˈiu ˈaa ˈfani.,Nie e-va ka xe,nie̯ ˈeva ka ʃe,Nie ni e-va funny no,nie̯ ni ˈeva ˈfani no,Nie mi-va ixena! You no funny!,nie̯ ˈmiva ˈiʃena! ˈiu no ˈfani!,Nie mi-va you no funny,nie̯ ˈmiva ˈiu no ˈfani
kado_guest_scrap_heap,Kado,Anything's more fun than working in this scrap heap.,ˈenitins ˈmoo fan dan ˈwekin in dis skwap hip.,Li alles ixena xa bexa a ked bano banada.,li ˈalles ˈiʃena ʃa ˈbeʃa a ked ˈbano ˈbanada.,Fun more! Ba xo bexa mi ked tumunie,fan ˈmoo! ba ʃo ˈbeʃa mi ked ˈtumunie̯,More fun! Muba ixenudu bana,ˈmoo fan! ˈmuba iˈʃenudu ˈbana,Pudu! Anything more fun than working here!,ˈpudu! ˈenitin ˈmoo fan dan ˈwekin ˈhii!
kado_guest_scrap_heap_v2,Kado,Anything's better than this junk pile.,ˈenitins ˈbete dan dis dʒank ˈpail.,Ixenudu ked-po bokude,iˈʃenudu ˈkedpo ˈbokude,Ni-ixena da bokude junk broken!,niˈiʃena da ˈbokude dʒank ˈbwokan!,Nenixe junk pile! Nie tumunie!,ˈneniʃe dʒank ˈpail! nie̯ ˈtumunie̯!,Po-tumu junk pile no good,ˈpotumu dʒank ˈpail no ɡud
kado_guest_laughing_at_you,Kado,Maybe they're laughing at you Jibu.,ˈmei̯bi ˈdee ˈlafin at ˈiu ˈdʒibu.,Li ba-jana e-va a xina Jibu,li ˈbadʒana ˈeva a ˈʃina ˈdʒibu,"Ba po-e-va Jibu, laughing you.","ba ˈpoeva ˈdʒibu, ˈlafin ˈiu.","Bo nikamie Jibu, they laugh","bo ˈnikamie̯ ˈdʒibu, dei̯ laf",Maybe they laugh you Jibu. Ha!,ˈmei̯bi dei̯ laf ˈiu ˈdʒibu. ha!
kado_guest_angry_weather,Kado,I'd be angry if I had to deal with that weather.,ˈaid bi ˈanɡwi if ˈai had tu dil wid dat ˈwede.,Ga-miga-mi ipo goda li ga-buma no la-ga e ta ked muba,ɡaˈmiɡami ˈipo ˈɡoda li ˈɡabuma no ˈlaɡa e ta ked ˈmuba,"Ga-no ipo goda, weather too hot!","ˈɡano ˈipo ˈɡoda, ˈwede tu hat!",Id be goda if mi had to deal ked tumu,id bi ˈɡoda if mi had tu dil ked ˈtumu,Pudu! I angry if deal with that weather,ˈpudu! ˈai ˈanɡwi if dil wid dat ˈwede
kado_weather_actuators,Kado,This weather mucks up all the actuators.,dis ˈwede muks ap ol da aktiˈuei̯tes.,Ket ked moga-no meded apo,ket ked ˈmoɡano ˈmeded ˈapo,Ked muba bumani po-aktuatad all broken!,ked ˈmuba ˈbumani poakˈtuatad ol ˈbwokan!,Da actuatori boken! Nie ked tumunie.,da aktuˈatowi ˈboken! nie̯ ked ˈtumunie̯.,Ket mumuba all actuators muck up!,ket ˈmumuba ol aktiˈuei̯tes mak ap!
kado_guest_shirt_clean,Kado,Good luck keeping that shirt clean in this place.,ɡud lak ˈkipin dat ʃet klin in dis plei̯s.,Ba gami-vo ixena gade po-ka po ked ta anzel!,ba ˈɡamivo ˈiʃena ˈɡade ˈpoka po ked ta ˈansel!,Ba gami ked a waba mi-ke moga ta clean shirt!,ba ˈɡami ked a ˈwaba ˈmike ˈmoɡa ta klin ʃet!,Ba moga ta wawa! Good luck!,ba ˈmoɡa ta ˈwawa! ɡud lak!,Ba moga good luck keep that shirt clean here!,ba ˈmoɡa ɡud lak kip dat ʃet klin ˈhii!
kado_guest_no_closer,Kado,Better not get any closer.,ˈbete nat ɡet ˈeni ˈklose.,Ni ba da-po lxina yiba,ni ba ˈdapo ˈlʃina ˈiiba,Nie ba gapa-zika! no closer!,nie̯ ba ɡaˈpasika! no ˈklose!,Nie ba get closer!,nie̯ ba ɡet ˈklose!,Nie ba don't come closer,nie̯ ba dont kam ˈklose
kado_guest_grey_beard,Kado,You mean grey beard.,ˈiu min ɡwei̯ bid.,E gode ve bi biba,e ˈɡode ve bi ˈbiba,E gode kapa beard,e ˈɡode ˈkapa bid,Grey E kapa,ɡwei̯ e ˈkapa,E gode grey beard,e ˈɡode ɡwei̯ bid
kado_guest_dye_beard,Kado,"Jibu, you should dye your beard","ˈdʒibu, ˈiu ʃud ˈdai ˈioo bid","Jibu, gami pe po-xiba va bani ta waba","ˈdʒibu, ˈɡami pe ˈpoʃiba va ˈbani ta ˈwaba","Jibu, gami ba la beard color!","ˈdʒibu, ˈɡami ba la bid ˈkale!","Jibu, gami penaga your beard","ˈdʒibu, ˈɡami ˈpenaɡa ˈioo bid",Gami-va ga la-dye your beard,ˈɡamiva ɡa ˈladi ˈioo bid
kado_guest_customer_days,Kado,That last customer not returning for days. Plenty of time.,dat last ˈkastame nat ˈwitenin ˈfoo dei̯s. ˈplenti av ˈtaim.,Ked-ba da ka po-kapa ga-no bano. Ud bed!,ˈkedba da ka ˈpokapa ˈɡano ˈbano. ud bed!,Ked-ba ka soxana nie la-nibo djoid. Not coming!,ˈkedba ka ˈsoʃana nie̯ ˈlanibo dʒoi̯d. nat ˈkamin!,Nie ga-no ked-ba ka dizabi! Not coming back.,nie̯ ˈɡano ˈkedba ka ˈdisabi! nat ˈkamin bak.,"Nie ked-ba last customer not coming for days, plenty time!","nie̯ ˈkedba last ˈkastame nat ˈkamin ˈfoo dei̯s, ˈplenti ˈtaim!"
kado_guest_last_customer,Kado,Last customer not returning for days. Plenty of time.,last ˈkastame nat ˈwitenin ˈfoo dei̯s. ˈplenti av ˈtaim.,Ga-no tumuniemi da kundan be beded.,ˈɡano tuˈmunie̯mi da ˈkundan be ˈbeded.,Ga-no da waba-po. Plenty time.,ˈɡano da ˈwabapo. ˈplenti ˈtaim.,Last customer tumunie. Plenty of time.,last ˈkastame ˈtumunie̯. ˈplenti av ˈtaim.,Nipo miga no come for days. Plenty time.,ˈnipo ˈmiɡa no kam ˈfoo dei̯s. ˈplenti ˈtaim.
kado_guest_whatever_you_say,Kado,Whatever you say...,ˈwateve ˈiu sei̯...,La ba la,la ba la,La ta whatever,la ta ˈwateve,La ta whatever,la ta ˈwateve,Nad! You say,nad! ˈiu sei̯
kado_guest_whats_your_name,Kado,Oh. Hi. What's your name?,o. ˈhai. wats ˈioo nei̯m?,Oh. Adega. Li e-va nime?,oh. ˈadeɡa. li ˈeva ˈnime?,Adega. Lali ba what?,ˈadeɡa. ˈlali ba wat?,Adega. What name?,ˈadeɡa. wat nei̯m?,Hei! What name you?,hei̯! wat nei̯m ˈiu?
kado_guest_introductions,Kado,I'm Kado. This Jibu. And grumpy up there Vilo.,ˈaim ˈkado. dis ˈdʒibu. and ˈɡwampi ap ˈdee ˈvilo.,Mi Kado. Ked-ba da Jibu. Le goda a-ba Vilu.,mi ˈkado. ˈkedba da ˈdʒibu. le ˈɡoda ˈaba ˈvilu.,Mi ipo Kado. Da Vilu grumpy!,mi ˈipo ˈkado. da ˈvilu ˈɡwampi!,Mi ipo Kado. Grumpy up there Vilo.,mi ˈipo ˈkado. ˈɡwampi ap ˈdee ˈvilo.,Hei! I'm Kado. This Jibu. And grumpy up there Vilo.,hei̯! ˈaim ˈkado. dis ˈdʒibu. and ˈɡwampi ap ˈdee ˈvilo.
kado_guest_enjoy_yourself,Kado,Go! enjoy yourself! My work boring.,ɡo! ˈendʒoi̯ ˈie̯self! ˈmai wek ˈbowin.,Ba! Be-mi! Be-xa ni uniebe.,ba! ˈbemi! ˈbeʃa ni ˈunie̯be.,Ba bexa-mo! My work boring,ba ˈbeʃamo! ˈmai wek ˈbowin,Ba po-ipo! Work boring!,ba ˈpoipo! wek ˈbowin!,Ba nadiga! My work boring.,ba ˈnadiɡa! ˈmai wek ˈbowin.
kado_guest_wouldnt_understand,Kado,You can go. You wouldn't understand my work.,ˈiu kan ɡo. ˈiu ˈwudant ˈandestand ˈmai wek.,Ga-mi ba. Ni ga-no banada mi bexa.,ˈɡami ba. ni ˈɡano ˈbanada mi ˈbeʃa.,Nie gami banada. You no go.,nie̯ ˈɡami ˈbanada. ˈiu no ɡo.,Ba mi. You no understand work.,ba mi. ˈiu no ˈandestand wek.,Gami ba. You no understand my work.,ˈɡami ba. ˈiu no ˈandestand ˈmai wek.
kado_react_no_way,Kado,No way.,no wei̯.,Nie vado.,nie̯ ˈvado.,Nie ba no way!,nie̯ ba no wei̯!,Nie way!,nie̯ wei̯!,Nie no way!,nie̯ no wei̯!
kado_react_cant_remember_v2,Kado,Too busy to remember.,tu ˈbisi tu ˈwimembe.,Mu-bexa ba nie banada,ˈmubeʃa ba nie̯ ˈbanada,Banada ga busy,ˈbanada ɡa ˈbisi,Nie ga bano busy,nie̯ ɡa ˈbano ˈbisi,Tibana too busy remember,ˈtibana tu ˈbisi ˈwimembe
kado_react_figures_v2,Kado,Of course.,av kos.,na-nad,ˈnanad,Na-nad yes,ˈnanad ie̯s,"Na-nad, yes.","ˈnanad, ie̯s.",Ka yes yes,ka ie̯s ie̯s
kado_react_not_my_problem,Kado,Not my problem.,nat ˈmai ˈpwablam.,Nie-mi pobem,ˈnie̯mi ˈpobem,Nie-mi problem!,ˈnie̯mi ˈpwablam!,Nie pobem! Not mine!,nie̯ ˈpobem! nat ˈmain!,Nie mi problem no,nie̯ mi ˈpwablam no
kado_react_knew_it,Kado,Called it.,kold it.,Ga-no penaga,ˈɡano ˈpenaɡa,Ga-no called!,ˈɡano kold!,Ga-no called,ˈɡano kold,Pena-ga called it!,ˈpenaɡa kold it!
kado_react_thats_wild_v2,Kado,That is crazy.,dat is ˈkwei̯si.,Ked-ba bana-nie,ˈkedba ˈbananie̯,Ked-ba bana-nie crazy!,ˈkedba ˈbananie̯ ˈkwei̯si!,Ked-ba crazy!,ˈkedba ˈkwei̯si!,Bane-nie crazy!,ˈbanenie̯ ˈkwei̯si!
kado_react_mmhmm,Kado,Mmmm-hmmm.,mmmmhmmm.,humhum,ˈhumhum,Na-nad yes,ˈnanad ie̯s,Mmm aaxe,mmm ˈaaʃe,nad uh-huh,nad ˈuhhuh
kado_react_dont_look_at_me,Kado,Don't look at me.,dont luk at mi.,Nie ba xina mi-po!,nie̯ ba ˈʃina ˈmipo!,Nie ba po-mi look!,nie̯ ba ˈpomi luk!,Nie ba xina me!,nie̯ ba ˈʃina mi!,Nie ba look at me!,nie̯ ba luk at mi!
kado_react_fair_enough_v2,Kado,Oh sure.,o ˈʃuu.,aaxe nad,ˈaaʃe nad,Nadixe sure.,ˈnadiʃe ˈʃuu.,Aaxe. Sure.,ˈaaʃe. ˈʃuu.,Aaxe yes sure,ˈaaʃe ie̯s ˈʃuu
kado_react_noted_v2,Kado,Oh sure. Whatever you say.,o ˈʃuu. ˈwateve ˈiu sei̯.,Na-nad. La e o,ˈnanad. la e o,La da e loido. Whatever.,la da e ˈloi̯do. ˈwateve.,Nadixe. You say,ˈnadiʃe. ˈiu sei̯,Nadixe. whatever you say.,ˈnadiʃe. ˈwateve ˈiu sei̯.
kado_smalltalk_not_my_idea_v2,Kado,That wasn't my idea!,dat ˈwasant ˈmai aˈidia!,Nie-no mi a bana-nie ked-ba!,ˈnie̯no mi a ˈbananie̯ ˈkedba!,Nie-no mi idea no!,ˈnie̯no mi aˈidia no!,Nie-no bana-nie! My idea!,ˈnie̯no ˈbananie̯! ˈmai aˈidia!,Bana-nie not my idea!,ˈbananie̯ nat ˈmai aˈidia!
kado_smalltalk_ask_jibu,Kado,Ask Jibu. He knows.,ask ˈdʒibu. hi nos.,Ba lali da Jibu. Ipo hena.,ba ˈlali da ˈdʒibu. ˈipo ˈhena.,Li la a Jibu. He knows.,li la a ˈdʒibu. hi nos.,Lali da Jibu. He knows.,ˈlali da ˈdʒibu. hi nos.,Li a Jibu ask him know.,li a ˈdʒibu ask him no.
kado_smalltalk_dont_quote_me,Kado,Don't quote me on that.,dont kwot mi an dat.,Nie ba la mi-po a ked!,nie̯ ba la ˈmipo a ked!,Nie ba la po-da me quote!,nie̯ ba la ˈpoda mi kwot!,Nie ba la quote me!,nie̯ ba la kwot mi!,Nie ba la don't quote me,nie̯ ba la dont kwot mi
kado_last_week_still_tired,Kado,I'm still tired from last week.,ˈaim stil ˈtaie̯d fwam last wik.,Mo mi madedo pepe bed-no,mo mi ˈmadedo ˈpepe ˈbedno,Mi gimani bano still tired,mi ˈɡimani ˈbano stil ˈtaie̯d,"Mo mi gimani no, still tired","mo mi ˈɡimani no, stil ˈtaie̯d",Mo mi still tired last week,mo mi stil ˈtaie̯d last wik
kado_last_week_never_again_v2,Kado,Never again.,ˈneve ˈaɡen.,Niemo le,ˈnie̯mo le,Niemo again!,ˈnie̯mo ˈaɡen!,Niemo no,ˈnie̯mo no,Niemo never again,ˈnie̯mo ˈneve ˈaɡen
kado_today_too_much,Kado,I've got too much to do today.,ˈaiv ɡat tu matʃ tu du ˈtadei̯.,Ud ga bexa mo mi bed,ud ɡa ˈbeʃa mo mi bed,Ga buma ud bexa today too much,ɡa ˈbuma ud ˈbeʃa ˈtadei̯ tu matʃ,Too much work! Buma mi bed.,tu matʃ wek! ˈbuma mi bed.,Ga mu-udu too much work today!,ɡa ˈmuudu tu matʃ wek ˈtadei̯!
kado_today_dont_know_where_to_start,Kado,I don't even know where to start.,ˈai dont ˈivin no ˈwee tu stat.,Nie hena mi ipo fo ba bano,nie̯ ˈhena mi ˈipo fo ba ˈbano,Nie bana-mo mi ipo fa start where,nie̯ ˈbanamo mi ˈipo fa stat ˈwee,"Nie bana mi, no know start.","nie̯ ˈbana mi, no no stat.","Nie bana-no, I don't even know start!","nie̯ ˈbanano, ˈai dont ˈivin no stat!"
kado_keep_focused,Kado,"Keep focused, Kado.","kip ˈfokast, ˈkado.",Ba po-e-va ba moga Kado,ba ˈpoeva ba ˈmoɡa ˈkado,Po-bana Kado focus!,ˈpobana ˈkado ˈfokas!,Ba po-e-va Kado! Stay focus.,ba ˈpoeva ˈkado! stei̯ ˈfokas.,Po-ta Kado keep focused!,ˈpota ˈkado kip ˈfokast!
kado_keep_focused_self,Kado,Keep focused..,kip ˈfokast..,Ba deni-va,ba ˈdeniva,Ba va focus,ba va ˈfokas,Banada-va focus!,baˈnadava ˈfokas!,po-mi-va Keep focus,ˈpomiva kip ˈfokas
kado_weekend_went_out,Kado,I went out. It was fine.,ˈai went ˈaut. it was ˈfain.,Ba-no po-ma. Ipo ixena.,ˈbano ˈpoma. ˈipo ˈiʃena.,"Ga-no mi ba, it fine","ˈɡano mi ba, it ˈfain",Ga-no ba. It good.,ˈɡano ba. it ɡud.,Ga-no ba. It was fine.,ˈɡano ba. it was ˈfain.
kado_weekend_stayed_in,Kado,Stayed in. Needed it.,stei̯d in. ˈnidad it.,Ba-no ipama a anzel. Migaba mi ipo.,ˈbano ˈipama a ˈansel. ˈmiɡaba mi ˈipo.,Ba-no ipo-lo. Needed.,ˈbano ˈipolo. ˈnidad.,Stayed in. Migaba mi.,stei̯d in. ˈmiɡaba mi.,Nikama mi. I needed it.,ˈnikama mi. ˈai ˈnidad it.
kado_no_adventure,Kado,No time for adventure.,no ˈtaim ˈfoo ˈadventʃe.,Nie bed a bama-nie!,nie̯ bed a ˈbamanie̯!,"Nie bed no, adventure!","nie̯ bed no, ˈadventʃe!",Nie bama! No adventure!,nie̯ ˈbama! no ˈadventʃe!,Nie ba no time,nie̯ ba no ˈtaim
kado_weird_noticed_earlier,Kado,I noticed something earlier. Didn't say anything.,ˈai ˈnotast ˈsamtin ˈelie̯. ˈdidant sei̯ ˈenitin.,Ga-no-xina mi oko-de. Nie-la mi nie-po,ɡaˈnoʃina mi ˈokode. ˈnie̯la mi ˈnie̯po,Ga-no mi bana po nipeda. Something wrong!,ˈɡano mi ˈbana po ˈnipeda. ˈsamtin won!,"Ga-no mi bana-do, no say","ˈɡano mi ˈbanado, no sei̯",Mi bana-ta I notice something no say,mi ˈbanata ˈai ˈnotas ˈsamtin no sei̯
kado_weird_probably_nothing,Kado,Probably nothing.,ˈpwababli ˈnatin.,ni nipo,ni ˈnipo,Ni tumu nothing,ni ˈtumu ˈnatin,Maybe ket nipo.,ˈmei̯bi ket ˈnipo.,Ga-ud nothing,ˈɡaud ˈnatin
kado_smalltalk_long_morning,Kado,Long morning.,lon ˈmonin.,tib bed,tib bed,tib bed morning,tib bed ˈmonin,Tib beda! Long!,tib ˈbeda! lon!,Tib long morning,tib lon ˈmonin
kado_smalltalk_almost_done,Kado,Almost done. I think.,ˈolmost dan. ˈai tink.,Ba-boma. Banada mi ipo.,ˈbaboma. ˈbanada mi ˈipo.,Ga-no ka bana done,ˈɡano ka ˈbana dan,Ga-moga-no. I think.,ɡaˈmoɡano. ˈai tink.,Bana almost done,ˈbana ˈolmost dan
kado_smalltalk_one_more_thing,Kado,Just one more thing. Then I'm done.,dʒast wan ˈmoo tin. den ˈaim dan.,Ka ud bexa. Ga-no mi.,ka ud ˈbeʃa. ˈɡano mi.,"Ka ud bexa, then done","ka ud ˈbeʃa, den dan",Ka ud bexa. One more thing.,ka ud ˈbeʃa. wan ˈmoo tin.,Ka ud bexa. I finish now.,ka ud ˈbeʃa. ˈai ˈfiniʃ ˈnau.
kado_one_more_thing,Kado,Just one more thing...,dʒast wan ˈmoo tin...,Ka ud bexa,ka ud ˈbeʃa,Ka ud bexa! Just,ka ud ˈbeʃa! dʒast,Ka ud bexa! One more!,ka ud ˈbeʃa! wan ˈmoo!,Ka one more thing,ka wan ˈmoo tin
kado_goodbye_guest,Kado,Gooooood bye!,ˈɡuuud ˈbai!,Bama abobo!,ˈbama ˈabobo!,Bama go!,ˈbama ɡo!,Bama bye!,ˈbama ˈbai!,Bama goooood bye!,ˈbama ɡooˈoood ˈbai!
kado_guest_called_cute,Kado,Kado knows.,ˈkado nos.,Banada Kado,ˈbanada ˈkado,Banada Kado know,ˈbanada ˈkado no,Kado know.,ˈkado no.,Banada Kado know,ˈbanada ˈkado no
kado_guest_says_c3po,Kado,I don't know what this protocol droid is. You want to buy?,ˈai dont no wat dis ˈpwotakal dwoi̯d is. ˈiu want tu ˈbai?,Nie fina mi li ked-ba potokol djoid ipo? Mi miga ba gami?,nie̯ ˈfina mi li ˈkedba ˈpotokol dʒoi̯d ˈipo? mi ˈmiɡa ba ˈɡami?,"Nie bana mi li ked-ba, you want buy?","nie̯ ˈbana mi li ˈkedba, ˈiu want ˈbai?","Protocol droid? Nie, ga-no ipo ked-ba.","ˈpwotakal dwoi̯d? nie̯, ˈɡano ˈipo ˈkedba.",Hei! I no know what this protocol droid is. You want buy?,hei̯! ˈai no no wat dis ˈpwotakal dwoi̯d is. ˈiu want ˈbai?
kado_too_long_to_break,Kado,Yes. Too long to break.,ie̯s. tu lon tu bwei̯k.,Nad. Tib-ti boken.,nad. ˈtibti ˈboken.,Nad. Tib ba bok broken!,nad. tib ba bok ˈbwokan!,"Nad. Too long, break!","nad. tu lon, bwei̯k!",Tib tib la boken stop break!,tib tib la ˈboken stap bwei̯k!
kado_it_will_get_done,Kado,"Don't worry, it'll get done.","dont wei̯, ˈital ɡet dan.","Nie ba banada-mi, ipo ga-bo","nie̯ ba baˈnadami, ˈipo ˈɡabo","Nie banada-no, done!","nie̯ baˈnadano, dan!","Nie bana-nie, get done!","nie̯ ˈbananie̯, ɡet dan!","Nie ba no worry, it done!","nie̯ ba no wei̯, it dan!"
kado_better_on_break,Kado,I liked it better when you were on break.,ˈai ˈlaikt it ˈbete wen ˈiu we an bwei̯k.,Ga-no ixenudu e ba-ni bano,ˈɡano iˈʃenudu e ˈbani ˈbano,Mi ixenudu ipo ba on break,mi iˈʃenudu ˈipo ba an bwei̯k,I liked better ba bana-nie-xo,ˈai ˈlaikt ˈbete ba baˈnanie̯ʃo,I ba bexa-nie you on break better,ˈai ba ˈbeʃanie̯ ˈiu an bwei̯k ˈbete
kado_orange_shirt_good,Kado,"Vilo, Offworlder has orange shirt. Looks good, see?","ˈvilo, ˈoffwowldew has ˈowandʒ ʃet. luks ɡud, si?","Vilu, ka kado po-fabesa ipo. Ipo ixena, li xina?","ˈvilu, ka ˈkado poˈfabesa ˈipo. ˈipo ˈiʃena, li ˈʃina?","Vilu, ked-ba waba paka. Orange shirt, see?","ˈvilu, ˈkedba ˈwaba ˈpaka. ˈowandʒ ʃet, si?","Vilu, ked-ba ka giba. Looks good, see?","ˈvilu, ˈkedba ka ˈɡiba. luks ɡud, si?","Ked-ba ipo, Offworlder has orange shirt. Looks good, see?","ˈkedba ˈipo, ˈoffwowldew has ˈowandʒ ʃet. luks ɡud, si?"
kado_wont_look_good_v2,Kado,"That won't look good on you, Jibu. Trust me.","dat wont luk ɡud an ˈiu, ˈdʒibu. twast mi.",Nie bo xina-va ixena a e Jibu. Gami mi.,nie̯ bo ˈʃinava ˈiʃena a e ˈdʒibu. ˈɡami mi.,"Nie bo xina boken, Jibu. Trust me.","nie̯ bo ˈʃina ˈboken, ˈdʒibu. twast mi.",Nie bo xina ipo va Jibu. Trust me.,nie̯ bo ˈʃina ˈipo va ˈdʒibu. twast mi.,"Ked-ba e-va, not look good on you, Jibu trust me.","ˈkedba ˈeva, nat luk ɡud an ˈiu, ˈdʒibu twast mi."
kado_strangest_things,Kado,You notice the strangest things.,ˈiu ˈnotas da ˈstwei̯ndʒist tins.,xina da nad waba boken,ˈʃina da nad ˈwaba ˈboken,E-po ta da mikade strange things,ˈepo ta da ˈmikade stwei̯ndʒ tins,Li gapa! Strange things!,li ˈɡapa! stwei̯ndʒ tins!,Banada you see strange things!,ˈbanada ˈiu si stwei̯ndʒ tins!
kado_color_wont_work,Kado,"I don't think that color would work for you, Jibu.","ˈai dont tink dat ˈkale wud wek ˈfoo ˈiu, ˈdʒibu.","Nie banada mi ipo pena kapa ba gima a e-va, Jibu.","nie̯ ˈbanada mi ˈipo ˈpena ˈkapa ba ˈɡima a ˈeva, ˈdʒibu.",Nie bana mi ipo kapa e Jibu no work!,nie̯ ˈbana mi ˈipo ˈkapa e ˈdʒibu no wek!,Nie bana Jibu no good color,nie̯ ˈbana ˈdʒibu no ɡud ˈkale,Nie bana mi no work that color for you Jibu,nie̯ ˈbana mi no wek dat ˈkale ˈfoo ˈiu ˈdʒibu
kado_guest_im_great,Kado,I know. I'm pretty great.,ˈai no. ˈaim ˈpwiti ɡwei̯t.,Banada mi. Ixa ixena mi.,ˈbanada mi. ˈiʃa ˈiʃena mi.,Banada mi ipo. Great!,ˈbanada mi ˈipo. ɡwei̯t!,Ixa momo. I know.,ˈiʃa ˈmomo. ˈai no.,Ipo xo ixena. I know. I great.,ˈipo ʃo ˈiʃena. ˈai no. ˈai ɡwei̯t.
kado_guest_good_luck,Kado,Good luck!,ɡud lak!,Ixena gade,ˈiʃena ˈɡade,Ga miga luck!,ɡa ˈmiɡa lak!,Nadixe luck!,ˈnadiʃe lak!,Ixena! good luck!,ˈiʃena! ɡud lak!
kado_five_by_five_v2,Kado,"5 by 5, boss.","5 ˈbai 5, bas.","Be be da be bexa, adega.","be be da be ˈbeʃa, ˈadeɡa.",Ka de be boss!,ka de be bas!,"5 by 5, nad, adega!","5 ˈbai 5, nad, ˈadeɡa!","Beka we good, boss!","ˈbeka wi ɡud, bas!"
kado_power_offline_v2,Kado,Power systems offline!,ˈpaue ˈsistams ˈoflain!,Ket tumunie!,ket ˈtumunie̯!,Nie ket tumu! power off!,nie̯ ket ˈtumu! ˈpaue of!,Power offline! Ket tumunie!,ˈpaue ˈoflain! ket ˈtumunie̯!,Nie power offline!,nie̯ ˈpaue ˈoflain!
kado_react_not_surprised,Kado,Not surprised.,nat ˈsepwaisd.,Nie poa-xiba,nie̯ poˈaʃiba,Nie bama-no not surprise,nie̯ ˈbamano nat ˈsepwais,Nie goda NOT!,nie̯ ˈɡoda nat!,Iyipago not surprised!,iiˈipaɡo nat ˈsepwaisd!
kado_react_thats_something,Kado,Well. That's something.,wel. dats ˈsamtin.,Axe. Ked-ba ka.,ˈaʃe. ˈkedba ka.,La. Something.,la. ˈsamtin.,Ked-ba something.,ˈkedba ˈsamtin.,Ked-ba Something.,ˈkedba ˈsamtin.
kado_guest_giveup_1,Kado,Ok. Back to sparking!,ˈokei̯. bak tu ˈspakin!,Nadixe. Ba nixetu!,ˈnadiʃe. ba ˈniʃetu!,Ba bexa tumu! Ok!,ba ˈbeʃa ˈtumu! ˈokei̯!,Ba bexa! Sparking back!,ba ˈbeʃa! ˈspakin bak!,Bomu! Back sparking!,ˈbomu! bak ˈspakin!
kado_guest_giveup_2,Kado,I'm intimidating. I understand.,ˈaim intiˈmidei̯tin. ˈai ˈandestand.,Ipo godi. Banada mi ipo.,ˈipo ˈɡodi. ˈbanada mi ˈipo.,Ipo xe. Understand.,ˈipo ʃe. ˈandestand.,Ipo xe. I understand.,ˈipo ʃe. ˈai ˈandestand.,"Bomu! I scary, I know","ˈbomu! ˈai ˈskewi, ˈai no"
kado_guest_giveup_3,Kado,Kado waits for no Offworlder.,ˈkado wei̯ts ˈfoo no ˈoffwowldew.,Kado nie ba kiga va Offworlder-xo,ˈkado nie̯ ba ˈkiɡa va ofˈfwowldewkso,Kado ni ba wait Offworlder,ˈkado ni ba wei̯t ˈoffwowldew,Ni ba ipo! No wait!,ni ba ˈipo! no wei̯t!,Pudu! Kado waits no offworlder,ˈpudu! ˈkado wei̯ts no ˈoffwowldew
kado_guest_what_are_you_doing,Kado,I fix everything. Always Kado.,ˈai fiks ˈevwitin. ˈolwei̯s ˈkado.,Ga moga mi ud ta le. Udmo Kado.,ɡa ˈmoɡa mi ud ta le. ˈudmo ˈkado.,Ga mi ba moga udmo. Kado!,ɡa mi ba ˈmoɡa ˈudmo. ˈkado!,Ga mi do. Always Kado.,ɡa mi du. ˈolwei̯s ˈkado.,Ga everything I fix. Always Kado.,ɡa ˈevwitin ˈai fiks. ˈolwei̯s ˈkado.
kado_guest_whats_that_droid,Kado,You want to buy?,ˈiu want tu ˈbai?,Li miga e paga,li ˈmiɡa e ˈpaɡa,Li miga e buy?,li ˈmiɡa e ˈbai?,Li miga ba buy?,li ˈmiɡa ba ˈbai?,Li miga you buy?,li ˈmiɡa ˈiu ˈbai?
kado_guest_hello,Kado,Hi! Hello!,ˈhai! ˈhalo!,Hei! Adega!,hei̯! ˈadeɡa!,Adega hi!,ˈadeɡa ˈhai!,Adega! Hi!,ˈadeɡa! ˈhai!,Adega. Hi!,ˈadeɡa. ˈhai!
kado_guest_youre_so_cute,Kado,Of course just look at me!,av kos dʒast luk at mi!,De ga xina mi!,de ɡa ˈʃina mi!,Ba po mi xina! Just look!,ba po mi ˈʃina! dʒast luk!,Ka xina ipo! Just look me!,ka ˈʃina ˈipo! dʒast luk mi!,Ga-li just look me!,ˈɡali dʒast luk mi!
kado_guest_can_you_weld,Kado,Of course. Me best welder.,av kos. mi best ˈwelde.,"Nadixe-nip, mi ixenudu moga","naˈdiʃenip, mi iˈʃenudu ˈmoɡa",Mi ixenudu moga best.,mi iˈʃenudu ˈmoɡa best.,Mi ixenudu best welder.,mi iˈʃenudu best ˈwelde.,"mi best welder, nadixe","mi best ˈwelde, ˈnadiʃe"
kado_guest_what_type_of_alien,Kado,You never see Anzellan before?,ˈiu ˈneve si ˈansellan ˈbifoo?,Li niemo xina Anzel?,li ˈnie̯mo ˈʃina ˈansel?,Niemo xina Anzelan-vo? before?,ˈnie̯mo ˈʃina anˈselanvo? ˈbifoo?,Niemo xina Anzeban before?,ˈnie̯mo ˈʃina ˈanseban ˈbifoo?,Niemo xina-no you see anzellan before?,ˈnie̯mo ˈʃinano ˈiu si ˈansellan ˈbifoo?
kado_guest_babu_frik,Kado,On an on about Babu.,an an an ˈabaut ˈbabu.,Ba-la la Babu,ˈbala la ˈbabu,Ba bana bano do Babu,ba ˈbana ˈbano du ˈbabu,La bad! Babu on!,la bad! ˈbabu an!,Bana go on and on Babu,ˈbana ɡo an and an ˈbabu
kado_guest_mandalorian,Kado,Mandalorian no scare ME.,mandaˈlowian no ˈskee mi.,Mandalorian ni waia-mi!,mandaˈlowian ni waˈiami!,Nie mi! Mandalorian no,nie̯ mi! mandaˈlowian no,Nie miga mi! No scare!,nie̯ ˈmiɡa mi! no ˈskee!,Nie Mandalorian no scare ME,nie̯ mandaˈlowian no ˈskee mi
kado_guest_what_can_you_do,Kado,Best on dis planet. I am at least.,best an dis ˈplanat. ˈai am at list.,Ipo ixenudu a anzel. Mi po-be ixenudu.,ˈipo iˈʃenudu a ˈansel. mi ˈpobe iˈʃenudu.,Mi ixenudu ta bed po best on,mi iˈʃenudu ta bed po best an,Ipo ixena a tep-ta. Best on dis!,ˈipo ˈiʃena a ˈtepta. best an dis!,Ipo ixena you best on dis planet.,ˈipo ˈiʃena ˈiu best an dis ˈplanat.
kado_guest_dont_you_take_time_off,Kado,Vilo no give us break.,ˈvilo no ɡiv as bwei̯k.,Vilu ga-no pama-xo med tumuniemi,ˈvilu ˈɡano ˈpamaʃo med tuˈmunie̯mi,Vilo nie tumuniemi,ˈvilo nie̯ tuˈmunie̯mi,Vilo nie ba break!,ˈvilo nie̯ ba bwei̯k!,Nie pama-bo no give us break!,nie̯ ˈpamabo no ɡiv as bwei̯k!
kado_guest_what_are_your_names,Kado,Me Kado! Grump over there Vilo. Dis Jibu my brother.,mi ˈkado! ɡwamp ˈove ˈdee ˈvilo. dis ˈdʒibu ˈmai ˈbwade.,Mi-va Kado! Mabama ked-ba Vilo. Da Jibu ipo-am mi.,ˈmiva ˈkado! ˈmabama ˈkedba ˈvilo. da ˈdʒibu ˈipoam mi.,Goda ked-ba Vilo. Mi ka! Dis brother,ˈɡoda ˈkedba ˈvilo. mi ka! dis ˈbwade,Mi Kado! Dis Jibu my brother.,mi ˈkado! dis ˈdʒibu ˈmai ˈbwade.,Mi-va Kado! Grump over there Vilo! Dis Jibu my brother.,ˈmiva ˈkado! ɡwamp ˈove ˈdee ˈvilo! dis ˈdʒibu ˈmai ˈbwade.
kado_guest_grogu,Kado,Kado don't know who dat is.,ˈkado dont no hu dat is.,Nie banada Kado mi woipo ipo!,nie̯ ˈbanada ˈkado mi ˈwoi̯po ˈipo!,"Kado-nie banada, who dat?","ˈkadonie̯ ˈbanada, hu dat?",Kado nie gami! Who dat?,ˈkado nie̯ ˈɡami! hu dat?,Nie bana Kado him no know dat,nie̯ ˈbana ˈkado him no no dat
kado_guest_hugo_durant,Kado,He sleep at work. Wish I could.,hi slip at wek. wiʃ ˈai kud.,Ga-mada ipo a bexa. Ga-miga mo mi.,ˈɡamada ˈipo a ˈbeʃa. ˈɡamiɡa mo mi.,Ga-mada ipo bebi a bexa. Wish I.,ˈɡamada ˈipo ˈbebi a ˈbeʃa. wiʃ ˈai.,Ga no mada bexa mi. Wish I could.,ɡa no ˈmada ˈbeʃa mi. wiʃ ˈai kud.,Ipo mada. Wish I could.,ˈipo ˈmada. wiʃ ˈai kud.
kado_guest_food_truck,Kado,Kado no time to eat.,ˈkado no ˈtaim tu it.,Kado! Ga-no ni mada bano!,ˈkado! ˈɡano ni ˈmada ˈbano!,"Kado, da bed bano! Eat!","ˈkado, da bed ˈbano! it!",Kado no time,ˈkado no ˈtaim,Nie bano no time eat!,nie̯ ˈbano no ˈtaim it!
kado_guest_hugo_sleeping,Kado,Sleep? At work? Jealous.,slip? at wek? ˈdʒelas.,Li mada? A bexa? Ixa.,li ˈmada? a ˈbeʃa? ˈiʃa.,Mada? Nixena.,ˈmada? ˈniʃena.,"Jealous! Mada, bexa","ˈdʒelas! ˈmada, ˈbeʃa",Mada? Work? Jealous.,ˈmada? wek? ˈdʒelas.
kado_guest_what_are_you_working_on,Kado,Many broken droids on planet. I fix.,ˈmeni ˈbwokan dwoi̯ds an ˈplanat. ˈai fiks.,Da djoid-bokad ud ti pepa. Mi ba moga.,da ˈdʒoi̯dbokad ud ti ˈpepa. mi ba ˈmoɡa.,Da djoid boken! I fix.,da dʒoi̯d ˈboken! ˈai fiks.,Da djoid boken! I fix now.,da dʒoi̯d ˈboken! ˈai fiks ˈnau.,Meded djoid boken on planet. I fix.,ˈmeded dʒoi̯d ˈboken an ˈplanat. ˈai fiks.
kado_guest_what_are_you_building,Kado,Kado build best toys in galaxy obviously.,ˈkado bild best toi̯s in ˈɡalaksi abˈviasli.,Kado ba bexa ixena wabad a timad ud.,ˈkado ba ˈbeʃa ˈiʃena ˈwabad a ˈtimad ud.,Kado ba bexa ta waba-po best toys,ˈkado ba ˈbeʃa ta ˈwabapo best toi̯s,Kado ba bexa ixenudu best toys!,ˈkado ba ˈbeʃa iˈʃenudu best toi̯s!,Kado ba gapa best toys in galaxy obviously,ˈkado ba ˈɡapa best toi̯s in ˈɡalaksi abˈviasli
kado_guest_been_to_food_truck,Kado,Vilo no let us eat at station.,ˈvilo no let as it at ˈstei̯ʃan.,Ga-no med ka pama mi o ta staxon!,ˈɡano med ka ˈpama mi o ta ˈstaʃon!,Vilo ni ba bexa no eat,ˈvilo ni ba ˈbeʃa no it,Vilo nie ba eat at station,ˈvilo nie̯ ba it at ˈstei̯ʃan,Vilo ni ba say no eat at station,ˈvilo ni ba sei̯ no it at ˈstei̯ʃan
kado_guest_enjoying_d23,Kado,This planet too hot.,dis ˈplanat tu hat.,Da planeta mu-muba,da ˈplaneta ˈmumuba,Ked mu-muba! Hot!,ked ˈmumuba! hat!,Ked mu-muba! Too hot!,ked ˈmumuba! tu hat!,Mu-muba planet too hot,ˈmumuba ˈplanat tu hat
kado_guest_how_liking_earth,Kado,Me excited go back to Batuu!,mi ikˈsaitad ɡo bak tu ˈbatuu!,Mi ixa ba fa Batuu!,mi ˈiʃa ba fa ˈbatuu!,Mi ixena ba go Batuu!,mi ˈiʃena ba ɡo ˈbatuu!,Ba Batuu! Be-xo mi,ba ˈbatuu! ˈbeʃo mi,Na-nad mi go back Batuu!,ˈnanad mi ɡo bak ˈbatuu!
kado_guest_are_you_jedis,Kado,Jedi? I wish.,ˈdʒedai? ˈai wiʃ.,Ka Jedai? Mi miga,ka ˈdʒedai? mi ˈmiɡa,Li Jedi? Wish.,li ˈdʒedai? wiʃ.,Ka Jedi! I wish.,ka ˈdʒedai! ˈai wiʃ.,Li Jedi? I wish,li ˈdʒedai? ˈai wiʃ
kado_guest_are_you_robots,Kado,Look at me. I look like droid?,luk at mi. ˈai luk ˈlaik dwoi̯d?,Xina a mi. Li xina da djoid ipo?,ˈʃina a mi. li ˈʃina da dʒoi̯d ˈipo?,E xina mi. Droid look?,e ˈʃina mi. dwoi̯d luk?,Xina ipo mi. Look like droid?,ˈʃina ˈipo mi. luk ˈlaik dwoi̯d?,Xina a mi. I look like droid?,ˈʃina a mi. ˈai luk ˈlaik dwoi̯d?
kado_guest_what_can_you_say,Kado,Oh I say much. Just when boss here isn't looking.,o ˈai sei̯ matʃ. dʒast wen bas ˈhii ˈisant ˈlukin.,A la bila ud. Ba-no ked ni hina.,a la ˈbila ud. ˈbano ked ni ˈhina.,"Nie ked kaba hena, much I say!","nie̯ ked ˈkaba ˈhena, matʃ ˈai sei̯!",Ba ked ni mo ipo! Just when boss!,ba ked ni mo ˈipo! dʒast wen bas!,"La-no mi, boss not here looking!","ˈlano mi, bas nat ˈhii ˈlukin!"
kado_guest_you_look_realistic,Kado,Kado most handsome Anzellan in galaxy.,ˈkado most ˈhansam ˈansellan in ˈɡalaksi.,Kado mama momo Anzeban a timad,ˈkado ˈmama ˈmomo ˈanseban a ˈtimad,Kado ipo momo va Anzel most handsome,ˈkado ˈipo ˈmomo va ˈansel most ˈhansam,"Kado ipo momo, most handsome","ˈkado ˈipo ˈmomo, most ˈhansam","Mama bexa, Kado very handsomest","ˈmama ˈbeʃa, ˈkado ˈvewi ˈhandsomest"
kado_guest_why_working_on_droids,Kado,Everyone know Anzellans best builders!,ˈevwiwan no ˈansellans best ˈbildes!,Med ga banada da Anzelad ixenadu waba-po!,med ɡa ˈbanada da ˈanselad iˈʃenadu ˈwabapo!,Med ipo ga builders!,med ˈipo ɡa ˈbildes!,Anzellan best! Med ipo!,ˈansellan best! med ˈipo!,"Medxena Builders best, yes!","ˈmedʃena ˈbildes best, ie̯s!"
kado_guest_you_look_so_good,Kado,Kado knows!,ˈkado nos!,Banada ipo Kado!,ˈbanada ˈipo ˈkado!,Kado banada-bo know,ˈkado baˈnadabo no,Ipo knows!,ˈipo nos!,Kado nad,ˈkado nad
kado_guest_youre_so_small,Kado,But we build things big big!,bat wi bild tins biɡ biɡ!,Le med ba-mo bexu bexu!,le med ˈbamo ˈbeʃu ˈbeʃu!,Med ba ipo! Big big!,med ba ˈipo! biɡ biɡ!,Big big! Ga ba bama!,biɡ biɡ! ɡa ba ˈbama!,Meded bexa! Big big things!,ˈmeded ˈbeʃa! biɡ biɡ tins!
kado_guest_youre_so_tiny,Kado,No everything on dis planet big!,no ˈevwitin an dis ˈplanat biɡ!,"Nie, nie. Da kado a da peli-ad bi!","nie̯, nie̯. da ˈkado a da ˈpeliad bi!",Nie da tema! Big big!,nie̯ da ˈtema! biɡ biɡ!,"Nie, da planet big!","nie̯, da ˈplanat biɡ!","Nie, ket big planet dis!","nie̯, ket biɡ ˈplanat dis!"
kado_guest_the_force,Kado,The force? Wadya we look like Jedis?,da fos? ˈwadia wi luk ˈlaik ˈdʒedis?,Ta fos? Li e po-jedi-va po-xina?,ta fos? li e podˈʒediva ˈpoʃina?,Ta fos? We look Jedi?,ta fos? wi luk ˈdʒedai?,Ta fos? We look like Jedi?,ta fos? wi luk ˈlaik ˈdʒedai?,Ta fos? Wadya we look like Jedis?,ta fos? ˈwadia wi luk ˈlaik ˈdʒedis?
kado_guest_look_like_ewoks,Kado,Rude. Kado obviously more handsome.,wud. ˈkado abˈviasli ˈmoo ˈhansam.,Gode. Ka Kado momo na-nad.,ˈɡode. ka ˈkado ˈmomo ˈnanad.,Ka momo Kado. Rude.,ka ˈmomo ˈkado. wud.,Kapa! Kado handsome.,ˈkapa! ˈkado ˈhansam.,Momo Kado more handsome!,ˈmomo ˈkado ˈmoo ˈhansam!
kado_guest_is_that_c3po,Kado,Yes it broken. We fix.,ie̯s it ˈbwokan. wi fiks.,Nad ipo boken. Moga med.,nad ˈipo ˈboken. ˈmoɡa med.,Nad. Med moga. Broken!,nad. med ˈmoɡa. ˈbwokan!,Nad ipo. Fix med.,nad ˈipo. fiks med.,Nad It broken! We fix!,nad it ˈbwokan! wi fiks!
kado_guest_offers_to_help,Kado,Kado no need help. Kado professional.,ˈkado no nid help. ˈkado pwaˈfeʃanal.,Nie migaba Kado bexame. Kado ipo ixena.,nie̯ ˈmiɡaba ˈkado ˈbeʃame. ˈkado ˈipo ˈiʃena.,Kado ixena. No help!,ˈkado ˈiʃena. no help!,Kado ni migaba Help me!,ˈkado ni ˈmiɡaba help mi!,Kado ni migaba. No need help.,ˈkado ni ˈmiɡaba. no nid help.
kado_guest_dont_make_me_leave,Kado,Don't worry come back later when boss gone.,dont wei̯ kam bak ˈlei̯te wen bas ɡon.,Nie ba pilaxi mi! Ba-mo la-no tumu ga-no,nie̯ ba ˈpilaʃi mi! ˈbamo ˈlano ˈtumu ˈɡano,"Nie bana, boss gone","nie̯ ˈbana, bas ɡon","Nie miga ba-d bano, boss gone!","nie̯ ˈmiɡa ba.d ˈbano, bas ɡon!",Nie wups! Boss gone come back later!,nie̯ wups! bas ɡon kam bak ˈlei̯te!
kado_guest_somebodys_cranky,Kado,Vilo always cranky.,ˈvilo ˈolwei̯s ˈkwanki.,Ipo goda udmo Vilo.,ˈipo ˈɡoda ˈudmo ˈvilo.,"Ipo goda, Vilo cranky.","ˈipo ˈɡoda, ˈvilo ˈkwanki.",Ipo goda! Always cranky!,ˈipo ˈɡoda! ˈolwei̯s ˈkwanki!,Momuba Vilo cranky!,ˈmomuba ˈvilo ˈkwanki!
kado_guest_youre_not_funny,Kado,You not one to talk.,ˈiu nat wan tu tok.,"Nie, e-ni ka pena","nie̯, ˈeni ka ˈpena",Nie ba lali e! You!,nie̯ ba ˈlali e! ˈiu!,Nie ba la mind not one!,nie̯ ba la ˈmaind nat wan!,Nie ba pena you not one,nie̯ ba ˈpena ˈiu nat wan
kado_guest_youre_rude,Kado,Rude just how Vilo is.,wud dʒast ˈhau ˈvilo is.,Da Vilu goda,da ˈvilu ˈɡoda,Goda ipo dega Vilu! Rude!,ˈɡoda ˈipo ˈdeɡa ˈvilu! wud!,Goda po Vilu! Very rude!,ˈɡoda po ˈvilu! ˈvewi wud!,Bana-nie Vilo is rude,ˈbananie̯ ˈvilo is wud
kado_guest_theyre_ignoring_me,Kado,Kado just have more important things to do.,ˈkado dʒast hav ˈmoo ˈimpotant tins tu du.,Ka ud bexa gami da Kado,ka ud ˈbeʃa ˈɡami da ˈkado,Kado ga bexa ud more important,ˈkado ɡa ˈbeʃa ud ˈmoo ˈimpotant,Kado miga ud bexa! More important things!,ˈkado ˈmiɡa ud ˈbeʃa! ˈmoo ˈimpotant tins!,Ka Kado ga-mi have more important things,ka ˈkado ˈɡami hav ˈmoo ˈimpotant tins
kado_guest_theyre_aliens,Kado,Lots of different species in the universe.,lats av ˈdifeant ˈspiʃis in da iˈunaves.,Da po-SIKAS u-do-madib a timad,da ˈposikas uˈdomadib a ˈtimad,Ket udu sinu be besu universe many.,ket ˈudu ˈsinu be ˈbesu iˈunaves ˈmeni.,Many species! Ket ud tumu a timad,ˈmeni ˈspiʃis! ket ud ˈtumu a ˈtimad,Ket udmed many species in the universe,ket ˈudmed ˈmeni ˈspiʃis in da iˈunaves
kado_guest_lightsabers,Kado,Dangerous. Hope none here have one.,ˈdei̯ndʒeas. hop nan ˈhii hav wan.,Tetepe. Nie ba ket ka gami-ka!,ˈtetepe. nie̯ ba ket ka ˈɡamika!,Kitepe. No one!,ˈkitepe. no wan!,Kitepe. No have one.,ˈkitepe. no hav wan.,Tetepe. No have one here.,ˈtetepe. no hav wan ˈhii.
kado_guest_theyre_staring,Kado,You interesting to look at is all.,ˈiu ˈintwastin tu luk at is ol.,Ba-xina e ixa va kato,ˈbaʃina e ˈiʃa va ˈkato,You interesting! E xina ipo.,ˈiu ˈintwastin! e ˈʃina ˈipo.,"E xina ipo, you interesting.","e ˈʃina ˈipo, ˈiu ˈintwastin.",Li ipo-xo you interesting to look,li ˈipoʃo ˈiu ˈintwastin tu luk
kado_guest_like_your_outfit,Kado,Thanks. I look pretty good.,tanks. ˈai luk ˈpwiti ɡud.,Degamie. Ipo xina momo ixena.,ˈdeɡamie̯. ˈipo ˈʃina ˈmomo ˈiʃena.,"Dega mi, ipo good.","ˈdeɡa mi, ˈipo ɡud.",Dega mi! Look pretty.,ˈdeɡa mi! luk ˈpwiti.,Dega mi. I look pretty good.,ˈdeɡa mi. ˈai luk ˈpwiti ɡud.
kado_guest_like_your_hat,Kado,Thanks. This really is my color isn't it.,tanks. dis ˈwili is ˈmai ˈkale ˈisant it.,"Degamie. Ked ba ipo mi kapa, li?","ˈdeɡamie̯. ked ba ˈipo mi ˈkapa, li?","Degamie. This my color, li?","ˈdeɡamie̯. dis ˈmai ˈkale, li?",Degamie. Ipo ixena be My color yes!,ˈdeɡamie̯. ˈipo ˈiʃena be ˈmai ˈkale ie̯s!,"Degamie. My color is very nice, yes?","ˈdeɡamie̯. ˈmai ˈkale is ˈvewi ˈnais, ie̯s?"
kado_guest_what_time_is_it,Kado,Time? Time to party!,ˈtaim? ˈtaim tu ˈpati!,Timadib? Ba bexa-nie!,ˈtimadib? ba ˈbeʃanie̯!,Li bed? Party!,li bed? ˈpati!,Bed-a time! Party now!,ˈbeda ˈtaim! ˈpati ˈnau!,Li beda? Time to party!,li ˈbeda? ˈtaim tu ˈpati!
kado_guest_im_hungry,Kado,Me too. Boss give break soon I hope.,mi tu. bas ɡiv bwei̯k sun ˈai hop.,Mi le. Dega ba pama tumunie bo mi miga,mi le. ˈdeɡa ba ˈpama ˈtumunie̯ bo mi ˈmiɡa,"Babu ba pama tumuniemi, me too.","ˈbabu ba ˈpama tuˈmunie̯mi, mi tu.",Boss give break soon I hope. Mi-oxo ga-mi.,bas ɡiv bwei̯k sun ˈai hop. ˈmioʃo ˈɡami.,Mi-mo ud. Boss give break soon I hope.,ˈmimo ud. bas ɡiv bwei̯k sun ˈai hop.
kado_guest_my_feet_hurt,Kado,You need boots from Coruscant. Much comfy yes.,ˈiu nid buts fwam ˈkowuskant. matʃ ˈkamfi ie̯s.,Migaba mi bota fa Coruscant. Udu apo nad.,ˈmiɡaba mi ˈbota fa ˈkowuskant. ˈudu ˈapo nad.,Migaba e ka bama. Much comfy yes.,ˈmiɡaba e ka ˈbama. matʃ ˈkamfi ie̯s.,Migaba e ka boots from Coruscant. Much comfy yes.,ˈmiɡaba e ka buts fwam ˈkowuskant. matʃ ˈkamfi ie̯s.,Migaba e-ka boots from Coruscant. Much comfy yes.,ˈmiɡaba ˈeka buts fwam ˈkowuskant. matʃ ˈkamfi ie̯s.
kado_guest_can_you_hear_me,Kado,You speak plenty loud.,ˈiu spik ˈplenti ˈlaud.,Ga penaga-da bebe bede!,ɡa peˈnaɡada ˈbebe ˈbede!,La bama loud,la ˈbama ˈlaud,Da pene loud!,da ˈpene ˈlaud!,Uruda speak lot loud,ˈuwuda spik lat ˈlaud
kado_guest_how_do_you_understand,Kado,We're small not deaf.,ˈwii smol nat def.,Ipo bi nie hena,ˈipo bi nie̯ ˈhena,"Med bi, deaf no.","med bi, def no.","Med bi, deaf not.","med bi, def nat.",Med small not deaf!,med smol nat def!
kado_guest_how_speak_english,Kado,Psh languages easy for Kado. We smart smart.,pʃ ˈlanɡwadʒas ˈisi ˈfoo ˈkado. wi smat smat.,Psh ba baxta abo a Kado. Mi bama bama.,psh ba ˈbaʃta ˈabo a ˈkado. mi ˈbama ˈbama.,Easy for Kado! Mi ixena ixena.,ˈisi ˈfoo ˈkado! mi ˈiʃena ˈiʃena.,Bana abo da Kado. We smart smart.,ˈbana ˈabo da ˈkado. wi smat smat.,"Abo bana, languages easy for Kado.","ˈabo ˈbana, ˈlanɡwadʒas ˈisi ˈfoo ˈkado."
kado_guest_why_are_they_arguing,Kado,Vilo never happy with work but work good!,ˈvilo ˈneve ˈhapi wid wek bat wek ɡud!,Vilu niemo ixa ipo bexa le bexa ixena,ˈvilu ˈnie̯mo ˈiʃa ˈipo ˈbeʃa le ˈbeʃa ˈiʃena,"Vilo nie ixa bexa, but work good!","ˈvilo nie̯ ˈiʃa ˈbeʃa, bat wek ɡud!","Vilo nie ixena, work good!","ˈvilo nie̯ ˈiʃena, wek ɡud!",Vilo ni-mo work no happy but work good!,ˈvilo ˈnimo wek no ˈhapi bat wek ɡud!
kado_guest_what_happens_if_i_say_something,Kado,We may respond if you say interesting.,wi mei̯ ˈwispand if ˈiu sei̯ ˈintwastin.,Ga-mo no-mi penaga mo-li e la mo-bede,ˈɡamo ˈnomi ˈpenaɡa ˈmoli e la ˈmobede,Gami-med ba-la interesting good,ˈɡamimed ˈbala ˈintwastin ɡud,Mi gami bano Say interesting.,mi ˈɡami ˈbano sei̯ ˈintwastin.,Ga gami-po we say interesting,ɡa ˈɡamipo wi sei̯ ˈintwastin
kado_guest_wonder_if_friends,Kado,No Jibu my brother.,no ˈdʒibu ˈmai ˈbwade.,"Nie Jibu, mi biba","nie̯ ˈdʒibu, mi ˈbiba",Nie mi brother,nie̯ mi ˈbwade,"Nie, bro Jibu!","nie̯, bwo ˈdʒibu!",Nie Jibu no my brother.,nie̯ ˈdʒibu no ˈmai ˈbwade.
kado_guest_i_think_i_interrupted,Kado,You fun distraction. I like you.,ˈiu fan ˈdistwakʃan. ˈai ˈlaik ˈiu.,E ni-xena mu-bana. Mi miga e.,e ˈniʃena ˈmubana. mi ˈmiɡa e.,E vui Mi like you.,e ˈvui mi ˈlaik ˈiu.,Fun distraction! Mi miga e.,fan ˈdistwakʃan! mi ˈmiɡa e.,E vui pangale. You fun distraction!,e ˈvui ˈpanɡale. ˈiu fan ˈdistwakʃan!
kado_guest_they_interrupted_me,Kado,Kado just bored with what you say.,ˈkado dʒast bod wid wat ˈiu sei̯.,Kado ipo uniebe da pena e,ˈkado ˈipo ˈunie̯be da ˈpena e,"Kado ipo uniebe, bored with","ˈkado ˈipo ˈunie̯be, bod wid","Ipo uniebe ba, Kado bored with you say","ˈipo ˈunie̯be ba, ˈkado bod wid ˈiu sei̯",Kado ipo uniebe you boring what say,ˈkado ˈipo ˈunie̯be ˈiu ˈbowin wat sei̯
kado_guest_could_watch_all_day,Kado,Not all day we go home eventually.,nat ol dei̯ wi ɡo hom ivenˈtʃawali.,Nie med bed-po ba anzel-bo,nie̯ med ˈbedpo ba ˈanselbo,"Nie ud bed, we go home","nie̯ ud bed, wi ɡo hom","Nie, ga-bo med go home eventually","nie̯, ˈɡabo med ɡo hom ivenˈtʃawali",Nie maded we go home soon,nie̯ ˈmaded wi ɡo hom sun
kado_guest_how_long_does_this_go_on,Kado,Kado can't wait for day be over.,ˈkado kant wei̯t ˈfoo dei̯ bi ˈove.,Kado nie gami ba mada ta bed-no,ˈkado nie̯ ˈɡami ba ˈmada ta ˈbedno,Kado ni gami ta bed bo day over,ˈkado ni ˈɡami ta bed bo dei̯ ˈove,Ni gami bano be Kado can't wait!,ni ˈɡami ˈbano bi ˈkado kant wei̯t!,Kado ni gami can't wait day be over,ˈkado ni ˈɡami kant wei̯t dei̯ bi ˈove
kado_guest_thats_my_favorite,Kado,Everyone think Kado favorite.,ˈevwiwan tink ˈkado ˈfei̯vei̯t.,Banad banada Kado ixena-va,ˈbanad ˈbanada ˈkado iˈʃenava,Banada da Kado favorite,ˈbanada da ˈkado ˈfei̯vei̯t,Ba favorite! Banada ka,ba ˈfei̯vei̯t! ˈbanada ka,Meded Kado favorite!,ˈmeded ˈkado ˈfei̯vei̯t!
kado_guest_workstations_messy,Kado,My station perfect. Every part here I need.,ˈmai ˈstei̯ʃan ˈpefekt. ˈevei̯ pat ˈhii ˈai nid.,Ipo ipo ixena. Ket ta pama-po ked-mi migaba.,ˈipo ˈipo ˈiʃena. ket ta ˈpamapo ˈkedmi ˈmiɡaba.,Ipo ixena. Need every part!,ˈipo ˈiʃena. nid ˈevei̯ pat!,Da stasi ixena. I need every part.,da ˈstasi ˈiʃena. ˈai nid ˈevei̯ pat.,Ipo anzel. I need every part here!,ˈipo ˈansel. ˈai nid ˈevei̯ pat ˈhii!
kado_guest_starfighter,Kado,No way he cooler than Kado.,no wei̯ hi ˈkule dan ˈkado.,Nie li ipo ixa jokapa ka Kado.,nie̯ li ˈipo ˈiʃa ˈdʒokapa ka ˈkado.,Nie kapa! Cooler than Kado.,nie̯ ˈkapa! ˈkule dan ˈkado.,Nie ka Kado! He cooler!,nie̯ ka ˈkado! hi ˈkule!,Nie po-ga he cooler than Kado,nie̯ ˈpoɡa hi ˈkule dan ˈkado
kado_guest_lots_of_guests,Kado,Big crowd. Kado famous!,biɡ ˈkwaud. ˈkado ˈfei̯mas!,Da bikad meded. Kado iceda!,da ˈbikad ˈmeded. ˈkado ˈikeda!,"Goda nad, Kado!","ˈɡoda nad, ˈkado!",Goda meded. Kado famous!,ˈɡoda ˈmeded. ˈkado ˈfei̯mas!,Meded Kado famous!,ˈmeded ˈkado ˈfei̯mas!
kado_guest_only_one_person,Kado,Where is everyone? Nobody to watch Kado!,ˈwee is ˈevwiwan? ˈnobadi tu watʃ ˈkado!,Li ket med? Nie po-xina ka Kado!,li ket med? nie̯ ˈpoʃina ka ˈkado!,Nobody watch! Ket ipo med,ˈnobadi watʃ! ket ˈipo med,Ket med tumunie! Nobody watch Kado!,ket med ˈtumunie̯! ˈnobadi watʃ ˈkado!,Ket meded? Nobody to watch Kado!,ket ˈmeded? ˈnobadi tu watʃ ˈkado!
kado_guest_adult_crying,Kado,Uh oh. Hope they okay.,a o. hop dei̯ ˈokei̯.,A-o. Li ked-ba ixena?,ˈao. li ˈkedba ˈiʃena?,"Aaxe, ixena? okay","ˈaaʃe, ˈiʃena? ˈokei̯",Aoxe okay?,ˈaoʃe ˈokei̯?,Kibaga-ka they okay!,kiˈbaɡaka dei̯ ˈokei̯!
kado_guest_yawning,Kado,Vilo you see them yawn? It cuz you boring.,ˈvilo ˈiu si dem ˈion? it kus ˈiu ˈbowin.,Vilo! Li po-ixina e da anzel-yawn? Ked ga-no e ipo bana-nie.,ˈvilo! li poˈiʃina e da anˈseliawn? ked ˈɡano e ˈipo ˈbananie̯.,Li e xina da ipo bana-nie? You boring.,li e ˈʃina da ˈipo ˈbananie̯? ˈiu ˈbowin.,Li e ipo xina? Them yawn! You boring.,li e ˈipo ˈʃina? dem ˈion! ˈiu ˈbowin.,"Li xina Vilo, they yawn? You boring!","li ˈʃina ˈvilo, dei̯ ˈion? ˈiu ˈbowin!"
kado_guest_sandals,Kado,Jibu look you can see their toes.,ˈdʒibu luk ˈiu kan si ˈdee tos.,"Jibu, xina e-va djoid po-toes","ˈdʒibu, ˈʃina ˈeva dʒoi̯d ˈpotoes","Jibu, ipo e xina toes visible!","ˈdʒibu, ˈipo e ˈʃina tos ˈvisabal!","Jibu, toes you see!","ˈdʒibu, tos ˈiu si!","Jibu, pho toes you can see!","ˈdʒibu, fo tos ˈiu kan si!"
kado_guest_mohawk,Kado,Didn't know they grew spikes like that.,ˈdidant no dei̯ ɡwu ˈspaiks ˈlaik dat.,Nie ga-no banada da xiba waba po,nie̯ ˈɡano ˈbanada da ˈʃiba ˈwaba po,Ta wawa pama! No spikes.,ta ˈwawa ˈpama! no ˈspaiks.,Ga-nie gima bada moga! Spikes grow like that!,ˈɡanie̯ ˈɡima ˈbada ˈmoɡa! ˈspaiks ɡwo ˈlaik dat!,Nie gima-la spikes grow like that!,nie̯ ˈɡimala ˈspaiks ɡwo ˈlaik dat!
kado_guest_haircut,Kado,Jibu you think I pull off hair like that one there?,ˈdʒibu ˈiu tink ˈai pul of ˈhee ˈlaik dat wan ˈdee?,"Jibu, ba-no e bana mi ba bumani xin ked-ba-li?","ˈdʒibu, ˈbano e ˈbana mi ba ˈbumani ʃin ˈkedbali?","Jibu, bana-no mi ba-pull off hair?","ˈdʒibu, ˈbanano mi ˈbapull of ˈhee?","Jibu, bana mi ipo wa-hei ked-ba? I pull hair like that one?","ˈdʒibu, ˈbana mi ˈipo ˈwahei̯ ˈkedba? ˈai pul ˈhee ˈlaik dat wan?",Jibu bana mi ipo I pull hair like that one there?,ˈdʒibu ˈbana mi ˈipo ˈai pul ˈhee ˈlaik dat wan ˈdee?
kado_guest_lightsaber_unsheathed,Kado,Whoo Kado wish he have one.,wu ˈkado wiʃ hi hav wan.,Wu-hu Kado miga ipo ka.,ˈwuhu ˈkado ˈmiɡa ˈipo ka.,Ba miga ipo-ka! Whoo Kado,ba ˈmiɡa ˈipoka! wu ˈkado,Abo Kado gapa one,ˈabo ˈkado ˈɡapa wan,Wu-hu Kado he want one.,ˈwuhu ˈkado hi want wan.
kado_guest_lightsaber_sheathed,Kado,Ooh Jibu look! Now Kado really want one.,u ˈdʒibu luk! ˈnau ˈkado ˈwili want wan.,A-o Jibu! Ba xina! Bano miga ka Kado.,ˈao ˈdʒibu! ba ˈʃina! ˈbano ˈmiɡa ka ˈkado.,"A-a Jibu, xina! Want one!","ˈaa ˈdʒibu, ˈʃina! want wan!",A-a Jibu xina! Kado want one.,ˈaa ˈdʒibu ˈʃina! ˈkado want wan.,A-o Jibu! Now Kado want one!,ˈao ˈdʒibu! ˈnau ˈkado want wan!
kado_guest_drinking,Kado,Drinky drinky over there.,ˈdwinki ˈdwinki ˈove ˈdee.,Ba miga ba ked-ba!,ba ˈmiɡa ba ˈkedba!,Ba-mo ked-ba drinky,ˈbamo ˈkedba ˈdwinki,Ked-ba mumuba drinky drinky,ˈkedba ˈmumuba ˈdwinki ˈdwinki,Ked-ba drinky drinky over,ˈkedba ˈdwinki ˈdwinki ˈove
kado_guest_eating_chips,Kado,Somebody eating something cwipsy.,ˈsambadi ˈitin ˈsamtin ˈkwipsi.,E-ga momo po-nipo de-depo bexani,ˈeɡa ˈmomo ˈponipo ˈdedepo ˈbeʃani,Ga ipo cwipsy!,ɡa ˈipo ˈkwipsi!,Ipo pena Cwipsy snack,ˈipo ˈpena ˈkwipsi snak,Po-bana somebody eating cwipsy,ˈpobana ˈsambadi ˈitin ˈkwipsi
kado_guest_anzellan_on_clothing,Kado,That must be me on their clothing. Kado most famous.,dat mast bi mi an ˈdee ˈklodin. ˈkado most ˈfei̯mas.,Ked-ba ipo mo mi a da paka da. Kado beka bexi.,ˈkedba ˈipo mo mi a da ˈpaka da. ˈkado ˈbeka ˈbeʃi.,Ked-ba ipo mi a da kapa. Most famous.,ˈkedba ˈipo mi a da ˈkapa. most ˈfei̯mas.,Ked-ba ipo mi a da waba. Kado most famous.,ˈkedba ˈipo mi a da ˈwaba. ˈkado most ˈfei̯mas.,Ked-ba mi it must be me on their clothes. Kado most famous.,ˈkedba mi it mast bi mi an ˈdee klods. ˈkado most ˈfei̯mas.
kado_guest_journalist_questions,Kado,You make Kado a star on this planet yes?,ˈiu mei̯k ˈkado a ˈstaa an dis ˈplanat ie̯s?,Li ga e da Kado va leya a ked ndimad nad?,li ɡa e da ˈkado va ˈlei̯a a ked ˈndimad nad?,"Li ga moga e Kado ked-ba, star yes?","li ɡa ˈmoɡa e ˈkado ˈkedba, ˈstaa ie̯s?","Ga moga e ka Kado ixena, star yes?","ɡa ˈmoɡa e ka ˈkado ˈiʃena, ˈstaa ie̯s?","Ga e penaga, you make Kado a star on this planet yes?","ɡa e ˈpenaɡa, ˈiu mei̯k ˈkado a ˈstaa an dis ˈplanat ie̯s?"
kado_guest_eating_something,Kado,Vilo them over there eat but we can't?,ˈvilo dem ˈove ˈdee it bat wi kant?,"Li ba-mo da Vilo ked-ba ipama, le ni gami med?","li ˈbamo da ˈvilo ˈkedba ˈipama, le ni ˈɡami med?","Ta ked-ba ipo ka eat-ad, le mede ni gami? Them eat?","ta ˈkedba ˈipo ka ˈeatad, le ˈmede ni ˈɡami? dem it?","Vilo ked-ba ta, they eat but no me","ˈvilo ˈkedba ta, dei̯ it bat no mi",Vilo ked-ba we eat but we can’t?,ˈvilo ˈkedba wi it bat wi kant?
kado_toy_welded_yesterday,Kado,That toy I welded yesterday.,dat toi̯ ˈai ˈweldid ˈie̯stedei̯.,Ked-ba moga-no da bepada,ˈkedba ˈmoɡano da ˈbepada,Ked-ba waba ga-no welded,ˈkedba ˈwaba ˈɡano ˈweldid,"Ked-ba waba, toy welded","ˈkedba ˈwaba, toi̯ ˈweldid",Ga-no moga toy yesterday,ˈɡano ˈmoɡa toi̯ ˈie̯stedei̯
kado_so_many_shipments,Kado,So many shipments today.,so ˈmeni ˈʃipmants ˈtadei̯.,Be wabad tomu bed bano,be ˈwabad ˈtomu bed ˈbano,Ud tumu bano! Shipments!,ud ˈtumu ˈbano! ˈʃipmants!,Ud tumu bano! Many shipments!,ud ˈtumu ˈbano! ˈmeni ˈʃipmants!,bexa-de shipments lots today,ˈbeʃade ˈʃipmants lats ˈtadei̯
kado_work_work,Kado,Work work.,wek wek.,Bexa bexa,ˈbeʃa ˈbeʃa,Bexa bexa work,ˈbeʃa ˈbeʃa wek,Bexa work,ˈbeʃa wek,Bexa work work!,ˈbeʃa wek wek!
kado_ill_get_to_that_later,Kado,Ooh I'll get to that later.,u ˈail ɡet tu dat ˈlei̯te.,"Ooh, ga-bo ba moga da po-ta bano.","ˈooh, ˈɡabo ba ˈmoɡa da ˈpota ˈbano.",Ba po-da ipo later,ba ˈpoda ˈipo ˈlei̯te,"Ba-no ga later, ooh!","ˈbano ɡa ˈlei̯te, u!",Ba-no mi get later!,ˈbano mi ɡet ˈlei̯te!
kado_this_work_is_poo_doo,Kado,This work is poo doo.,dis wek is pu du.,Nie bexa ni.,nie̯ ˈbeʃa ni.,Nie da bexa poo-doo.,nie̯ da ˈbeʃa poˈodoo.,Nie bexa! Poo doo!,nie̯ ˈbeʃa! pu du!,Ixena-nie work poo doo!,iˈʃenanie̯ wek pu du!
kado_jibu_get_vilo_off_my_back,Kado,Jibu get Vilo off my back for me!,ˈdʒibu ɡet ˈvilo of ˈmai bak ˈfoo mi!,"Jibu, ba bumani med-xo ta Vilu va mi!","ˈdʒibu, ba ˈbumani ˈmedʃo ta ˈvilu va mi!","Jibu, ba gapa mi xo e-va Vilo off!","ˈdʒibu, ba ˈɡapa mi ʃo ˈeva ˈvilo of!","Jibu, ba banada ta no more Vilo!","ˈdʒibu, ba ˈbanada ta no ˈmoo ˈvilo!","Ba gapa Jibu, get Vilo off me!","ba ˈɡapa ˈdʒibu, ɡet ˈvilo of mi!"
kado_didnt_hear_about_that,Kado,I didn't hear about that.,ˈai ˈdidant ˈhii ˈabaut dat.,Nie hena-no a da,nie̯ ˈhenano a da,Nie hena a da hear!,nie̯ ˈhena a da ˈhii!,Nie hena-no! No hear!,nie̯ ˈhenano! no ˈhii!,Nie I no hear that,nie̯ ˈai no ˈhii dat
kado_nope,Kado,Nope.,nop.,nie,nie̯,Nie nope,nie̯ nop,Nie nope,nie̯ nop,Nie nope,nie̯ nop
kado_cant_remember,Kado,Eh. I can't remember.,e. ˈai kant ˈwimembe.,Aaxe. Nie banada-mi ipo.,ˈaaʃe. nie̯ baˈnadami ˈipo.,Nie ga-no ipo forget,nie̯ ˈɡano ˈipo ˈfeɡet,Nie banada-no! Can't remember.,nie̯ baˈnadano! kant ˈwimembe.,Nie ba I can't remember,nie̯ ba ˈai kant ˈwimembe
kado_huh_interesting,Kado,Of course I saw that coming.,av kos ˈai so dat ˈkamin.,"Degagamie, mi xina no ked-ba haba.","deˈɡaɡamie̯, mi ˈʃina no ˈkedba ˈhaba.","Ga-no mi xina, saw coming!","ˈɡano mi ˈʃina, so ˈkamin!",Ga-no mi xina that coming,ˈɡano mi ˈʃina dat ˈkamin,Ga-no mi I see that coming,ˈɡano mi ˈai si dat ˈkamin
kado_sure_sure,Kado,Sure. Sure.,ˈʃuu. ˈʃuu.,"Na-nad, na-nad.","ˈnanad, ˈnanad.",Nad sure,nad ˈʃuu,Nad sure.,nad ˈʃuu.,"Nad, sure sure.","nad, ˈʃuu ˈʃuu."
kado_figures,Kado,Figures.,ˈfiɡie̯s.,Ga-ta,ˈɡata,"Pobem, be-no. problem done","ˈpobem, ˈbeno. ˈpwablam dan",Bexani! Figures!,ˈbeʃani! ˈfiɡie̯s!,Pobem no!,ˈpobem no!
kado_whatever,Kado,Whatever.,ˈwateve.,Bana.,ˈbana.,Bana-nie! Whatever.,ˈbananie̯! ˈwateve.,Bana-nie! Whatever.,ˈbananie̯! ˈwateve.,Bana-nie Whatever.,ˈbananie̯ ˈwateve.
kado_done_with_that_next,Kado,Done with that. Next!,dan wid dat. nekst!,Ga-no po-da bexani. Po-be ba ma!,ˈɡano ˈpoda ˈbeʃani. ˈpobe ba ma!,Ga-no ixena. Next!,ˈɡano ˈiʃena. nekst!,Ga-no po-ba! Next!,ˈɡano ˈpoba! nekst!,Ga-no. Done with that. Next!,ˈɡano. dan wid dat. nekst!
kado_weld_that_easy,Kado,Weld that easy. I'm so good.,weld dat ˈisi. ˈaim so ɡud.,"Ba si abobo, ba-mo mi mu ixena.","ba si ˈabobo, ˈbamo mi mu ˈiʃena.",Mi ixena. Weld easy.,mi ˈiʃena. weld ˈisi.,Ba moga abo. I'm so good.,ba ˈmoɡa ˈabo. ˈaim so ɡud.,Ba moga easy weld! Mi too good!,ba ˈmoɡa ˈisi weld! mi tu ɡud!
kado_do_this_in_my_sleep,Kado,I can do this type of work in my sleep.,ˈai kan du dis ˈtaip av wek in ˈmai slip.,Gami mi ga a bexa da mada mi.,ˈɡami mi ɡa a ˈbeʃa da ˈmada mi.,Sleep easy! Gami mi ga a bexa.,slip ˈisi! ˈɡami mi ɡa a ˈbeʃa.,Sleep no problem! Gami mi ga bexa.,slip no ˈpwablam! ˈɡami mi ɡa ˈbeʃa.,Ga gami mi can do this work in sleep,ɡa ˈɡami mi kan du dis wek in slip
kado_no_better_welder,Kado,No better welder than me.,no ˈbete ˈwelde dan mi.,Nie ixen po-biba ga-mi,nie̯ ˈiʃen ˈpobiba ˈɡami,Ni ixena moga me,ni ˈiʃena ˈmoɡa mi,No better! Ni ixena,no ˈbete! ni ˈiʃena,Ni ixena no better welder me,ni ˈiʃena no ˈbete ˈwelde mi
kado_thats_wild,Kado,That's wild.,dats ˈwaild.,Ked-ba xe,ˈkedba ʃe,Ked xa wild!,ked ʃa ˈwaild!,Ked xe! Wild!,ked ʃe! ˈwaild!,Ked wild!,ked ˈwaild!
kado_go_on,Kado,Go on...,ɡo an...,Ba bano,ba ˈbano,Ba po go on,ba po ɡo an,Ba go...,ba ɡo...,Ba go on,ba ɡo an
kado_could_be_worse,Kado,Could be worse. Probably.,kud bi wes. ˈpwababli.,Ketaxi ni xi,ˈketaʃi ni ʃi,Ipo nxena bo worse,ˈipo ˈnʃena bo wes,Ket ni tumunie. Could worse.,ket ni ˈtumunie̯. kud wes.,Noki be worse.,ˈnoki bi wes.
kado_fair_enough,Kado,You say so.,ˈiu sei̯ so.,La da,la da,La da so,la da so,La da! You say!,la da! ˈiu sei̯!,La you say,la ˈiu sei̯
kado_noted_moving_on,Kado,Noted. Moving on.,ˈnotad. ˈmuvin an.,Ga no-la. Ba ba.,ɡa ˈnola. ba ba.,"Ga-no la, moving","ˈɡano la, ˈmuvin",Ga-no noted,ˈɡano ˈnotad,Ga-la moving on,ˈɡala ˈmuvin an
kado_last_week_rough,Kado,Last week was rough. Don't remind me.,last wik was waf. dont ˈwimaind mi.,Ga-no tepwe boka! Nie ba la mi!,ˈɡano ˈtepwe ˈboka! nie̯ ba la mi!,Bedan bad mi no. Don't remind!,ˈbedan bad mi no. dont ˈwimaind!,"Bed no gaopo, don't remind me!","bed no ˈɡaopo, dont ˈwimaind mi!",Bedade bano. Don't remind me!,ˈbedade ˈbano. dont ˈwimaind mi!
kado_never_again,Kado,Never again. That's all I'll say.,ˈneve ˈaɡen. dats ol ˈail sei̯.,Niemo. La-no mi bo la.,ˈnie̯mo. ˈlano mi bo la.,Nie mo ipo. No more.,nie̯ mo ˈipo. no ˈmoo.,Nie-mo! That's all I say.,ˈnie̯mo! dats ol ˈai sei̯.,Nie mo no again. That's all.,nie̯ mo no ˈaɡen. dats ol.
kado_pick_one_do_it,Kado,Pick one. Do it.,pik wan. du it.,Ga ka,ɡa ka,Ka ipo. Do!,ka ˈipo. du!,Ka hono. Do it.,ka ˈhono. du it.,Ga ipo. Pick one.,ɡa ˈipo. pik wan.
kado_just_pick_one_thing,Kado,Just pick one thing and do it. That's my plan.,dʒast pik wan tin and du it. dats ˈmai plan.,Ba pama ka bana le ga ipo. Ked-ba mi bana.,ba ˈpama ka ˈbana le ɡa ˈipo. ˈkedba mi ˈbana.,"Po-ka da bun mi, la ga-mi. My plan","ˈpoka da ban mi, la ˈɡami. ˈmai plan",Ba pama ka. Just do it!,ba ˈpama ka. dʒast du it!,"Ta po-kile, just pick one thing and do it","ta ˈpokile, dʒast pik wan tin and du it"
kado_yeah_i_noticed,Kado,Yeah. I noticed.,ˈia. ˈai ˈnotast.,Nad. Banada mi.,nad. ˈbanada mi.,Nad. Noticed.,nad. ˈnotast.,Nad. I noticed.,nad. ˈai ˈnotast.,Banada I notice.,ˈbanada ˈai ˈnotas.
kado_same_didnt_mention_it,Kado,Same. Didn't mention it.,sei̯m. ˈdidant ˈmenʃan it.,Ka da. Ga-no ni la.,ka da. ˈɡano ni la.,Ni banada me. Same.,ni ˈbanada mi. sei̯m.,Same! Ipo ni la,sei̯m! ˈipo ni la,Ki-va Did not mention,ˈkiva did nat ˈmenʃan
kado_theres_always_one_more_thing,Kado,There's always one more thing.,des ˈolwei̯s wan ˈmoo tin.,Ket bexa udmo ka ud bexa,ket ˈbeʃa ˈudmo ka ud ˈbeʃa,One more ka ud bexa,wan ˈmoo ka ud ˈbeʃa,Ka bexa! One more!,ka ˈbeʃa! wan ˈmoo!,Ud bexa no one more thing,ud ˈbeʃa no wan ˈmoo tin
kado_barely,Kado,Barely.,ˈbeli.,ga ni,ɡa ni,Apo barely,ˈapo ˈbeli,Barely! Ni tumunie!,ˈbeli! ni ˈtumunie̯!,Ni ba yamie! barely,ni ba ˈiamie̯! ˈbeli
kado_jibu_droid_reboot_ready,Kado,Oh Jibu that droid reboot program ready?,o ˈdʒibu dat dwoi̯d ˈwibut ˈpwoɡwam ˈwedi?,Ooh Jibu da djoid penaga-bexa ked ixena?,ˈooh ˈdʒibu da dʒoi̯d penaˈɡabeʃa ked ˈiʃena?,"Hei Jibu, reboot ready?","hei̯ ˈdʒibu, ˈwibut ˈwedi?",Oh Jibu ked-ba da djoid reboot ready?,o ˈdʒibu ˈkedba da dʒoi̯d ˈwibut ˈwedi?,"A-o Jibu, droid reboot ready?","ˈao ˈdʒibu, dwoi̯d ˈwibut ˈwedi?"
kado_tc01_still_cooling,Kado,No still need to cool down. Still too hot.,no stil nid tu kul ˈdaun. stil tu hat.,Nie niemo migaba mu-ika. Mu-muba.,nie̯ ˈnie̯mo ˈmiɡaba ˈmuika. ˈmumuba.,Still need no! Nie muba!,stil nid no! nie̯ ˈmuba!,Nie mo muba! Still too hot.,nie̯ mo ˈmuba! stil tu hat.,Nie-mo still need cool down. Still too hot.,ˈnie̯mo stil nid kul ˈdaun. stil tu hat.
kado_r2_frames_almost_done,Kado,Short on R5 unit almost done.,ʃot an ˈaa5 ˈiunat ˈolmost dan.,Ga-mo mi bano ka med-r5 mend la-mo ixena,ˈɡamo mi ˈbano ka medw5 mend ˈlamo ˈiʃena,Almost done! Ni tumunie da R5,ˈolmost dan! ni ˈtumunie̯ da ˈaa5,"Short R5 unit, bada tumunie","ʃot ˈaa5 ˈiunat, ˈbada ˈtumunie̯",Ga-mo tumunie R5 unit almost done,ˈɡamo ˈtumunie̯ ˈaa5 ˈiunat ˈolmost dan
kado_jibu_what_time_go_home,Kado,Jibu what time you go home tonight?,ˈdʒibu wat ˈtaim ˈiu ɡo hom ˈtanait?,Jibu li ba tebed bapoa anzel-mo?,ˈdʒibu li ba ˈtebed ˈbapoa ˈanselmo?,Li bano? You go home.,li ˈbano? ˈiu ɡo hom.,"Jibu, li bed bano? You go home?","ˈdʒibu, li bed ˈbano? ˈiu ɡo hom?","Jibu, li what time you go home?","ˈdʒibu, li wat ˈtaim ˈiu ɡo hom?"
kado_leave_when_boss_leaves,Kado,We don't leave until Vilo leaves.,wi dont liv ˈantil ˈvilo livs.,Nie ba-ni med fa Vilu ba,nie̯ ˈbani med fa ˈvilu ba,"Nie ba ba mo Vilu, leave no","nie̯ ba ba mo ˈvilu, liv no",Nie ba ba mi Vilu leave,nie̯ ba ba mi ˈvilu liv,Nie ba no leave until Vilu leaves,nie̯ ba no liv ˈantil ˈvilu livs
kado_give_to_jibu_first,Kado,Give them to Jibu first boss.,ɡiv dem tu ˈdʒibu fest bas.,Da xa-po ba pama ke ba Jibu a bosa,da ˈʃapo ba ˈpama ke ba ˈdʒibu a ˈbosa,"Mi-xo ba pama da Jibu-po, boss first","ˈmiʃo ba ˈpama da ˈdʒibupo, bas fest",Give them to Jibu! Mi-xo ba pama,ɡiv dem tu ˈdʒibu! ˈmiʃo ba ˈpama,Ba pama give them to Jibu boss,ba ˈpama ɡiv dem tu ˈdʒibu bas
kado_jibu_fathier_races,Kado,Jibu you watch Fathier races last night?,ˈdʒibu ˈiu watʃ ˈfatie̯w ˈwei̯sas last ˈnait?,Li xina e Jibu a Fathier bed-no?,li ˈʃina e ˈdʒibu a ˈfatie̯w ˈbedno?,"Jibu, li hena e-ta Fathier?","ˈdʒibu, li ˈhena ˈeta ˈfatie̯w?","Jibu, li watch Fathier races?","ˈdʒibu, li watʃ ˈfatie̯w ˈwei̯sas?",Li hena Jibu you watch Fathier races?,li ˈhena ˈdʒibu ˈiu watʃ ˈfatie̯w ˈwei̯sas?
kado_watch_where_youre_going,Kado,You need to watch where you're going!,ˈiu nid tu watʃ ˈwee ˈiuu ɡoi̯n!,Li miga-mo e ked-ba xina!,li ˈmiɡamo e ˈkedba ˈʃina!,Watch out! Li ba-hena e!,watʃ ˈaut! li ˈbahena e!,"Li ga-mo e, watch where you go!","li ˈɡamo e, watʃ ˈwee ˈiu ɡo!",Ba-mo e Watch where you go!,ˈbamo e watʃ ˈwee ˈiu ɡo!
kado_jibu_bring_lunch,Kado,Jibu you bring lunch?,ˈdʒibu ˈiu bwin lantʃ?,"Li e-xo pama da bena, Jibu?","li ˈeʃo ˈpama da ˈbena, ˈdʒibu?",Ba gapa Jibu lunch?,ba ˈɡapa ˈdʒibu lantʃ?,Jibu ba gapa? Lunch?,ˈdʒibu ba ˈɡapa? lantʃ?,Jibu ba bring lunch?,ˈdʒibu ba bwin lantʃ?
kado_wont_steal_lunch,Kado,I won't I won't sheesh.,ˈai wont ˈai wont ʃiʃ.,"Nie bano, nie bano, aaxe!","nie̯ ˈbano, nie̯ ˈbano, ˈaaʃe!",Nie bo ga-mi ipo! sheesh,nie̯ bo ˈɡami ˈipo! ʃiʃ,Nie bo ga I won't sheesh,nie̯ bo ɡa ˈai wont ʃiʃ,Nie bo I won't I won't sheesh!,nie̯ bo ˈai wont ˈai wont ʃiʃ!
kado_jibu_shaak_meat,Kado,Jibu I hope Vilo didn't bring more Shaak meat again to eat.,ˈdʒibu ˈai hop ˈvilo ˈdidant bwin ˈmoo ʃak mit ˈaɡen tu it.,"Jibu, ga-no mi miga ked Vilo ba-no ud shaak bebi fa ba-no la","ˈdʒibu, ˈɡano mi ˈmiɡa ked ˈvilo ˈbano ud ˈshaak ˈbebi fa ˈbano la","Jibu, ga-mo ipo ked-ba Vilu ni ga-no fo-shaak po apoa ba eat","ˈdʒibu, ˈɡamo ˈipo ˈkedba ˈvilu ni ˈɡano ˈfoshaak po ˈapoa ba it","Jibu, ipo nie ba Vilo no bring more Shaak meat","ˈdʒibu, ˈipo nie̯ ba ˈvilo no bwin ˈmoo ʃak mit","Jibu, mi vona — Vilo no bring more shaak meat again","ˈdʒibu, mi ˈvona — ˈvilo no bwin ˈmoo ʃak mit ˈaɡen"
kado_guest_pin_surprise,Kado,"You want to trade pins, Kado have nice surprise.","ˈiu want tu twei̯d pins, ˈkado hav ˈnais ˈsepwais.","Miga e ba penaga pim-pim, Kado ipo ixena apoa","ˈmiɡa e ba ˈpenaɡa ˈpimpim, ˈkado ˈipo ˈiʃena ˈapoa","E miga ba pena po-tib danad, Kado surprise nice","e ˈmiɡa ba ˈpena ˈpotib ˈdanad, ˈkado ˈsepwais ˈnais","Li miga e ba trade pins, Kado have surprise","li ˈmiɡa e ba twei̯d pins, ˈkado hav ˈsepwais","Li miga, you want trade pins! Kado have nice surprise","li ˈmiɡa, ˈiu want twei̯d pins! ˈkado hav ˈnais ˈsepwais"
kado_guest_asks_name,Kado,"Grumpy up there is Vilo. Dis my bother Jibu. Me handsomest, my name Kado. What your name?","ˈɡwampi ap ˈdee is ˈvilo. dis ˈmai ˈbade ˈdʒibu. mi ˈhandsomest, ˈmai nei̯m ˈkado. wat ˈioo nei̯m?","Goda ked-ba dega Vilu. Mi ba mbo Jibu. Mi momo, mi ka Kado. Li da ka la e?","ˈɡoda ˈkedba ˈdeɡa ˈvilu. mi ba mbo ˈdʒibu. mi ˈmomo, mi ka ˈkado. li da ka la e?","Goda ipo ked Vilo. Mi-va Jibu. Me handsomest, my name Kado. Li e dega?","ˈɡoda ˈipo ked ˈvilo. ˈmiva ˈdʒibu. mi ˈhandsomest, ˈmai nei̯m ˈkado. li e ˈdeɡa?","Ipo goda ked ba Vilo. Dis my bother Jibu. Me handsomest, my name Kado. What your name?","ˈipo ˈɡoda ked ba ˈvilo. dis ˈmai ˈbade ˈdʒibu. mi ˈhandsomest, ˈmai nei̯m ˈkado. wat ˈioo nei̯m?",Ipo goda da Vilo. Me handsomest. Dis my bother Jibu. What your name?,ˈipo ˈɡoda da ˈvilo. mi ˈhandsomest. dis ˈmai ˈbade ˈdʒibu. wat ˈioo nei̯m?
kado_guest_asks_world,Kado,We're from the world Corellia! Best world. Where you from?,ˈwii fwam da weld koˈwellia! best weld. ˈwee ˈiu fwam?,Med fa da koseli Corellia! Ixena da koseli. Li fa e mi?,med fa da ˈkoseli koˈwellia! ˈiʃena da ˈkoseli. li fa e mi?,Med fa da timad! Where you from?,med fa da ˈtimad! ˈwee ˈiu fwam?,We from da timad Corellia! Best world!,wi fwam da ˈtimad koˈwellia! best weld!,Bomu! We from world Corellia! Best world. You from where?,ˈbomu! wi fwam weld koˈwellia! best weld. ˈiu fwam ˈwee?
kado_guest_asks_species,Kado,Anzellan of course. Kado no recognize your species. What you called?,ˈansellan av kos. ˈkado no weˈkaɡnais ˈioo ˈspiʃis. wat ˈiu kold?,"Anzel, aaxe. Kado ni ga-no gapa e doki. Li ga-po pena-no?","ˈansel, ˈaaʃe. ˈkado ni ˈɡano ˈɡapa e ˈdoki. li ˈɡapo ˈpenano?",Med Anzellan. Ka Kado nie gapa. What you called?,med ˈansellan. ka ˈkado nie̯ ˈɡapa. wat ˈiu kold?,Kado no recognize your species. Med Anzellan.,ˈkado no weˈkaɡnais ˈioo ˈspiʃis. med ˈansellan.,Anzeban ixena. Kado no recognize your species. What you called?,ˈanseban ˈiʃena. ˈkado no weˈkaɡnais ˈioo ˈspiʃis. wat ˈiu kold?
kado_guest_what_doing,Kado,We best droid fixers in whole galaxy! Why you on this world?,wi best dwoi̯d ˈfiksews in hol ˈɡalaksi! ˈwai ˈiu an dis weld?,Med ipama-djoid ba-moga bexani fos-po! Li e ba ked anzel-po?,med iˈpamadʒoi̯d ˈbamoɡa ˈbeʃani ˈfospo! li e ba ked ˈanselpo?,We best droid fixers! Med gimade timad?,wi best dwoi̯d ˈfiksews! med ˈɡimade ˈtimad?,Best droid fixers! Med moga djoid bexani ud timadipo!,best dwoi̯d ˈfiksews! med ˈmoɡa dʒoi̯d ˈbeʃani ud tiˈmadipo!,Med-d moga djoid! Why you on this world?,med.d ˈmoɡa dʒoi̯d! ˈwai ˈiu an dis weld?
kado_guest_knows_luke,Kado,Name no familiar.,nei̯m no ˈfamilie̯.,Nie banada!,nie̯ ˈbanada!,Bana-nie name,ˈbananie̯ nei̯m,Nie ixena! Name no.,nie̯ ˈiʃena! nei̯m no.,Nie name no familiar!,nie̯ nei̯m no ˈfamilie̯!
kado_guest_knows_vader,Kado,Dat silly name. Kado unfamiliar.,dat ˈsili nei̯m. ˈkado anˈfamilie̯.,Da bana-nie name. Kado nixena.,da ˈbananie̯ ˈname. ˈkado ˈniʃena.,Kado bana-nie Silly,ˈkado ˈbananie̯ ˈsili,Bana-nie ka. Kado strange.,ˈbananie̯ ka. ˈkado stwei̯ndʒ.,Kado bana-nie silly name.,ˈkado ˈbananie̯ ˈsili nei̯m.
kado_guest_looking_at_them,Kado,Of course. Can we help you with something?,av kos. kan wi help ˈiu wid ˈsamtin?,Ede! Li mi bexame mi a e bilo?,ˈede! li mi ˈbeʃame mi a e ˈbilo?,"Li gima bexame mi a banada? Yes, yes.","li ˈɡima ˈbeʃame mi a ˈbanada? ie̯s, ie̯s.","Nad, mi ba help you?","nad, mi ba help ˈiu?",Na-nad. Can we help you?,ˈnanad. kan wi help ˈiu?
kado_guest_asks_fun,Kado,Kado can't wait to get outta here and have fun.,ˈkado kant wei̯t tu ɡet ˈuta ˈhii and hav fan.,Kado nie gami ba sa fa ked a abe bema,ˈkado nie̯ ˈɡami ba sa fa ked a ˈabe ˈbema,"Ba miga ipo ixena, Kado can't wait!","ba ˈmiɡa ˈipo ˈiʃena, ˈkado kant wei̯t!",Kado ba hena ked! Can't wait to fun!,ˈkado ba ˈhena ked! kant wei̯t tu fan!,Ohhuuo! Kado can’t wait get out have fun,ohˈhuuo! ˈkado kant wei̯t ɡet ˈaut hav fan
kado_guest_asks_for_droid,Kado,We got many droids! But for a price.,wi ɡat ˈmeni dwoi̯ds! bat ˈfoo a ˈpwais.,Gapa-no med djoid-ud! Le a keditu.,ˈɡapano med ˈdʒoi̯dud! le a ˈkeditu.,Buma med djoid-ud! Price high!,ˈbuma med ˈdʒoi̯dud! ˈpwais ˈhai!,Buma med djoid-ud! But for price.,ˈbuma med ˈdʒoi̯dud! bat ˈfoo ˈpwais.,Ba-gapa med djoid! But for a price!,ˈbaɡapa med dʒoi̯d! bat ˈfoo a ˈpwais!
vilo_sad_comms_1,Vilo,Great.,ɡwei̯t.,ixena,ˈiʃena,Nad ixena! Great!,nad ˈiʃena! ɡwei̯t!,Great! Ipo ixena!,ɡwei̯t! ˈipo ˈiʃena!,Ipo ixena! Great!,ˈipo ˈiʃena! ɡwei̯t!
vilo_repaired_comms_1,Vilo,Just like new!,dʒast ˈlaik nu!,Na-na ixena!,ˈnana ˈiʃena!,Ipo ixena new!,ˈipo ˈiʃena nu!,Ipo ixena! Just new!,ˈipo ˈiʃena! dʒast nu!,Ixena new!,ˈiʃena nu!
vilo_checks_scope,Vilo,Commencing with the uplink.,ˈkamensin wid da ˈaplink.,Ba la-gi penaga a da uplink,ba ˈlaɡi ˈpenaɡa a da ˈuplink,Ba djoid penaga uplink start!,ba dʒoi̯d ˈpenaɡa ˈaplink stat!,Ba moga uplink start,ba ˈmoɡa ˈaplink stat,Ba no start uplink,ba no stat ˈaplink
vilo_taps_scope,Vilo,Locking in now...,ˈlakin in ˈnau...,[lok]-mo bano.,[ˈlok]mo ˈbano.,Ba-mo locking bano,ˈbamo ˈlakin ˈbano,"Lok-mo now, locking!","ˈlokmo ˈnau, ˈlakin!",Ba-mo locking in,ˈbamo ˈlakin in
vilo_quick_turns,Vilo,One step closer!,wan step ˈklose!,Be po-ta ixen!,be ˈpota ˈiʃen!,Ba-mo limo step!,ˈbamo ˈlimo step!,One step! Ga po-pama!,wan step! ɡa ˈpopama!,Deki step closer!,ˈdeki step ˈklose!
vilo_watch_this,Vilo,I think I've got it!,ˈai tink ˈaiv ɡat it!,Banada mi buma ipo!,ˈbanada mi ˈbuma ˈipo!,"Banada mi buma, got it!","ˈbanada mi ˈbuma, ɡat it!",Banada mi buma! Got it!,ˈbanada mi ˈbuma! ɡat it!,Banada mi got it!,ˈbanada mi ɡat it!
vilo_checks_monitor,Vilo,Encrypting signal...,ˈenkwiptin ˈsiɡnal...,Ga-penaga nomie-mo,ɡaˈpenaɡa ˈnomie̯mo,Ga-mo signal,ˈɡamo ˈsiɡnal,Nomie signal!,ˈnomie̯ ˈsiɡnal!,Penaga encrypting...,ˈpenaɡa ˈenkwiptin...
vilo_taps_monitor,Vilo,Processing...,ˈpwasesin...,[Posesin]….,[ˈposesin]….,"La-mo pena, processing","ˈlamo ˈpena, ˈpwasesin",Posesin… Processing…,ˈposesin… ˈpwasesin…,Ga-mo processing…,ˈɡamo ˈpwasesin…
vilo_data_storage_direct_jibu,Vilo,"Jibu, get the system back online!","ˈdʒibu, ɡet da ˈsistam bak ˈonlain!","Jibu, ba moga ta [system]!","ˈdʒibu, ba ˈmoɡa ta [ˈsistam]!",Ba moga ta ixena Power now!,ba ˈmoɡa ta ˈiʃena ˈpaue ˈnau!,Ba moga ta Jibu! System broken!,ba ˈmoɡa ta ˈdʒibu! ˈsistam ˈbwokan!,"Jibu, ba moga system no work!","ˈdʒibu, ba ˈmoɡa ˈsistam no wek!"
vilo_data_storage_alert,Vilo,Check your storage array!,tʃek ˈioo ˈstowadʒ ˈeei̯!,Ba xina ta tigaptana!,ba ˈʃina ta tiˈɡaptana!,Ba xina ta storage!,ba ˈʃina ta ˈstowadʒ!,Ba xina storage array!,ba ˈʃina ˈstowadʒ ˈeei̯!,Ba xina storage array!,ba ˈʃina ˈstowadʒ ˈeei̯!
vilo_repaired_data_storage_1,Vilo,That's what I like to see!,dats wat ˈai ˈlaik tu si!,Miga mi xina ipo!,ˈmiɡa mi ˈʃina ˈipo!,Miga mi xina ipo! like that!,ˈmiɡa mi ˈʃina ˈipo! ˈlaik dat!,Miga mi xina! I like that!,ˈmiɡa mi ˈʃina! ˈai ˈlaik dat!,Miga mi I like see!,ˈmiɡa mi ˈai ˈlaik si!
vilo_mubo_rebellion,Vilo,The Rebels need help? Don't need to ask us twice.,da ˈwebals nid help? dont nid tu ask as ˈtwais.,Li miga ta rebelion ba bexame? Nie gami med banada-dega!,li ˈmiɡa ta weˈbelion ba ˈbeʃame? nie̯ ˈɡami med banaˈdadeɡa!,Li miga ta bexame? Nie gami mi ask twice!,li ˈmiɡa ta ˈbeʃame? nie̯ ˈɡami mi ask ˈtwais!,Nie banada-de mi. Rebels need help?,nie̯ baˈnadade mi. ˈwebals nid help?,Miga ta bexame? Rebels need help? Don't ask twice!,ˈmiɡa ta ˈbeʃame? ˈwebals nid help? dont ask ˈtwais!
vilo_mubo,Vilo,"What the Rebellion needs, the Rebellion gets!","wat da wiˈbelian nids, da wiˈbelian ɡets!","Po-nipo ta rebelion, ta rebelion gapa-mi!","ˈponipo ta weˈbelion, ta weˈbelion ˈɡapami!","Ga-miga ta rebelion, get what!","ˈɡamiɡa ta weˈbelion, ɡet wat!",Ga-mo ta bexa rebelion! Rebellion get!,ˈɡamo ta ˈbeʃa weˈbelion! wiˈbelian ɡet!,"Li migaba, Rebelion must have it!","li ˈmiɡaba, weˈbelion mast hav it!"
vilo_sad_display_1,Vilo,Now what?,ˈnau wat?,bano li ga ipo,ˈbano li ɡa ˈipo,Bano now,ˈbano ˈnau,Leka? Now,ˈleka? ˈnau,Bano what now?,ˈbano wat ˈnau?
vilo_blames_kado_display,Vilo,"This was you, wasn't it?","dis was ˈiu, ˈwasant it?","Li no e-va ked-ba, li?","li no ˈeva ˈkedba, li?",No e-va ked-ba you?,no ˈeva ˈkedba ˈiu?,"You-va ked-ba, you!","iˈauva ˈkedba, ˈiu!","E-va this was you, li?","ˈeva dis was ˈiu, li?"
vilo_repaired_display_2,Vilo,Much better!,matʃ ˈbete!,Ixenudu!,iˈʃenudu!,Ixenudu better!,iˈʃenudu ˈbete!,Much ixenudu!,matʃ iˈʃenudu!,Ixenudu good job!,iˈʃenudu ɡud dʒab!
vilo_transmission_gone,Vilo,Transmission's gone.,twanˈsmissions ɡon.,Nie ket penaga!,nie̯ ket ˈpenaɡa!,Ni tumunie gone!,ni ˈtumunie̯ ɡon!,Nie ket tumu! Transmission gone!,nie̯ ket ˈtumu! ˈtwansmiʃan ɡon!,Nie ket gone!,nie̯ ket ɡon!
vilo_yells_at_droid,Vilo,Shut that thing up!,ʃat dat tin ap!,Nie ba la ked-ba tumunie!,nie̯ ba la ˈkedba ˈtumunie̯!,Nie ba la stop!,nie̯ ba la stap!,Nie ba la! Shut up!,nie̯ ba la! ʃat ap!,Nie ba la stop that!,nie̯ ba la stap dat!
vilo_droid_talking,Vilo,Now you're talking?,ˈnau ˈiuu ˈtokin?,Li la e?,li la e?,Li pena-mo talking?,li ˈpenamo ˈtokin?,Li pena? Now talk!,li ˈpena? ˈnau tok!,Pena you talk?,ˈpena ˈiu tok?
vilo_droid_hurry_up,Vilo,We're running out of time!,ˈwii ˈwanin ˈaut av ˈtaim!,Bumani-mo med timadib!,buˈmanimo med ˈtimadib!,Bumani-mo med time run!,buˈmanimo med ˈtaim wan!,Bumani-mo timadib! Time run!,buˈmanimo ˈtimadib! ˈtaim wan!,Bumani-mo time running out!,buˈmanimo ˈtaim ˈwanin ˈaut!
vilo_droid_jubilation,Vilo,I never doubted for a second.,ˈai ˈneve ˈdautid ˈfoo a ˈsekand.,Niemo banada-goda-no mi.,ˈnie̯mo banadaˈɡodano mi.,Niemo banada-no mi no doubt,ˈnie̯mo baˈnadano mi no ˈdaut,Niemo banada! No doubt.,ˈnie̯mo ˈbanada! no ˈdaut.,Niemo never doubt no,ˈnie̯mo ˈneve ˈdaut no
vilo_power_restored_1,Vilo,Back to work everyone!,bak tu wek ˈevwiwan!,"Ba bexa, ud-ed!","ba ˈbeʃa, ˈuded!",Ba bexa work!,ba ˈbeʃa wek!,"Ba bexa, back work!","ba ˈbeʃa, bak wek!","Ba bexa, work now all!","ba ˈbeʃa, wek ˈnau ol!"
vilo_power_off_1,Vilo,Poodoo.,ˈpudu.,pobem,ˈpobem,Nie ixena! Poodoo!,nie̯ ˈiʃena! ˈpudu!,Nie ixena! Poodoo!,nie̯ ˈiʃena! ˈpudu!,Nie pobem! Poodoo!,nie̯ ˈpobem! ˈpudu!
vilo_gauge_direct_kado,Vilo,The gauge is nearing red!,da ɡei̯dʒ is ˈniwin wed!,Ta tixabe kapa mo,ta ˈtiʃabe ˈkapa mo,Mo ta tixabe red!,mo ta ˈtiʃabe wed!,Mo ta tixabe! Near red!,mo ta ˈtiʃabe! ˈnii wed!,Mo gauge near red!,mo ɡei̯dʒ ˈnii wed!
vilo_power_back,Vilo,I wasn't worried at all.,ˈai ˈwasant wei̯d at ol.,Nie buma-no ipo pilabad.,nie̯ ˈbumano ˈipo ˈpilabad.,Nie buma-no ipo worried!,nie̯ ˈbumano ˈipo wei̯d!,Nie pilabad! No worry!,nie̯ ˈpilabad! no wei̯!,Nie ba no worry at all,nie̯ ba no wei̯ at ol
vilo_points_at_switchboard,Vilo,You wanna take care of that?,ˈiu ˈwana tei̯k ˈkee av dat?,Li moga e ked-ba?,li ˈmoɡa e ˈkedba?,Li miga e ba moga that!,li ˈmiɡa e ba ˈmoɡa dat!,Li moga e ked-ba? You fix?,li ˈmoɡa e ˈkedba? ˈiu fiks?,Li miga you take care,li ˈmiɡa ˈiu tei̯k ˈkee
vilo_sighs,Vilo,Siiiigh...,siiˈiai...,A-o...,ˈao...,Mo-muba... sigh...,ˈmomuba... ˈsai...,A-a-a... sigh...,ˈaaa... ˈsai...,Niemo sigh...,ˈnie̯mo ˈsai...
vilo_fan_alert_jibu,Vilo,Jibu. Is something wrong with the fan?,ˈdʒibu. is ˈsamtin won wid da fan?,Jibu. Li bok-no a ta tomig?,ˈdʒibu. li ˈbokno a ta ˈtomiɡ?,Jibu. Li bok-no tomig fan bad?,ˈdʒibu. li ˈbokno ˈtomiɡ fan bad?,Fan broken? Li bok ipo?,fan ˈbwokan? li bok ˈipo?,Jibu. Fan is broken!,ˈdʒibu. fan is ˈbwokan!
vilo_its_too_hot,Vilo,It's too hot in here.,its tu hat in ˈhii.,Ked mu-muba.,ked ˈmumuba.,Ked mu-muba hot!,ked ˈmumuba hat!,Ked mu-muba! It hot!,ked ˈmumuba! it hat!,"Ked too hot, very hot!","ked tu hat, ˈvewi hat!"
vilo_always_hot,Vilo,Is it always this hot?,is it ˈolwei̯s dis hat?,Li ba-mo ipo ked mu-muba udmo?,li ˈbamo ˈipo ked ˈmumuba ˈudmo?,Li mo ipo hot?,li mo ˈipo hat?,Li ked muba always hot?,li ked ˈmuba ˈolwei̯s hat?,Ked mo always this hot?,ked mo ˈolwei̯s dis hat?
vilo_feels_cold_v2,Vilo,Is it getting breezy in here?,is it ˈɡetin ˈbwisi in ˈhii?,Li ba-mo ked xina?,li ˈbamo ked ˈʃina?,Li ba-mo ked tumu breezy!,li ˈbamo ked ˈtumu ˈbwisi!,Ked tom! Getting breezy?,ked tom! ˈɡetin ˈbwisi?,Ba-mo go wind blowing?,ˈbamo ɡo ˈwaind bloi̯n?
vilo_anyone_cold,Vilo,Is anybody else feeling cold?,is eˈnibadi els ˈfilin kold?,Li ked biba ni ika?,li ked ˈbiba ni ˈika?,Li ga ba-mi cold?,li ɡa ˈbami kold?,Li mi pilaxi cold?,li mi ˈpilaʃi kold?,Ba-miga anybody feel cold?,ˈbamiɡa eˈnibadi fil kold?
vilo_what_happened,Vilo,What just happened?!,wat dʒast ˈhapand?!,Li ga-no ipo!,li ˈɡano ˈipo!,Li ga-no what!,li ˈɡano wat!,Li ga-no! What happened!,li ˈɡano! wat ˈhapand!,Li ga-no what happen!,li ˈɡano wat ˈhapan!
vilo_what_was_that,Vilo,What was that all about?,wat was dat ol ˈabaut?,Li no ked-ba?,li no ˈkedba?,Li no ked-ba what?,li no ˈkedba wat?,Li no ked-ba? What that?,li no ˈkedba? wat dat?,Li no what was that?,li no wat was dat?
vilo_broken_reaction,Vilo,It's broken!,its ˈbwokan!,Ipo boken!,ˈipo ˈboken!,Ipo broken!,ˈipo ˈbwokan!,Ipo broken!,ˈipo ˈbwokan!,Ipo broken!,ˈipo ˈbwokan!
vilo_thats_not_good,Vilo,That's not good.,dats nat ɡud.,Nie ked-ba ixena.,nie̯ ˈkedba ˈiʃena.,Nie ked ixena no good.,nie̯ ked ˈiʃena no ɡud.,Nie ked-ba good not!,nie̯ ˈkedba ɡud nat!,Nie ked no good!,nie̯ ked no ɡud!
vilo_whoops,Vilo,Uhhhh...,uhhhh...,Uhhhh.,uhhhh.,Uhhhh uh,uhhhh a,Uhhhh uh,uhhhh a,Uhhhh uh,uhhhh a
vilo_lights_off_v2,Vilo,"Okay, which one of you screwed up the lights?","ˈokei̯, witʃ wan av ˈiu skwud ap da ˈlaits?",Li bok-no e-va ta bedad bano?,li ˈbokno ˈeva ta ˈbedad ˈbano?,Li bok-no e-va ta beda bano panel broken!,li ˈbokno ˈeva ta ˈbeda ˈbano ˈpanal ˈbwokan!,"Li bok-no e med-po, light screwed!","li ˈbokno e ˈmedpo, ˈlait skwud!",Li bok-no which one of you mess the lights,li ˈbokno witʃ wan av ˈiu mes da ˈlaits
vilo_lights_broken,Vilo,Who made the lights broken?!,hu mei̯d da ˈlaits ˈbwokan?!,Li ga-no po-meded boken?,li ˈɡano ˈpomeded ˈboken?,Li ga-no ipo lights broken!,li ˈɡano ˈipo ˈlaits ˈbwokan!,Ga-no da boken! Lights broken!,ˈɡano da ˈboken! ˈlaits ˈbwokan!,Ipo who make lights broken?,ˈipo hu mei̯k ˈlaits ˈbwokan?
vilo_yells_at_everyone,Vilo,Get to work you two!,ɡet tu wek ˈiu tu!,Ba bexa ed-d va!,ba ˈbeʃa ed.d va!,Ba bexa e-d two!,ba ˈbeʃa e.d tu!,"Ba bexa, you two!","ba ˈbeʃa, ˈiu tu!",Bexa you two work!,ˈbeʃa ˈiu tu wek!
vilo_power_orders,Vilo,Kado! Jibu! Get that power back online!,ˈkado! ˈdʒibu! ɡet dat ˈpaue bak ˈonlain!,Kado! Jibu! Ba buma ed-va ta tumu!,ˈkado! ˈdʒibu! ba ˈbuma ˈedva ta ˈtumu!,Kado! Jibu! Ba buma power now!,ˈkado! ˈdʒibu! ba ˈbuma ˈpaue ˈnau!,Ba buma ta tumu! Power back on!,ba ˈbuma ta ˈtumu! ˈpaue bak an!,Kado! Ba buma power no work!,ˈkado! ba ˈbuma ˈpaue no wek!
vilo_hurry_up,Vilo,Hurry up! Now!,hei̯ ap! ˈnau!,Ba haba! Bano!,ba ˈhaba! ˈbano!,Ba haba! Now!,ba ˈhaba! ˈnau!,Ba haba! Hurry now!,ba ˈhaba! hei̯ ˈnau!,Ba haba! Hurry now!,ba ˈhaba! hei̯ ˈnau!
vilo_good_job_kado,Vilo,Good job Kado.,ɡud dʒab ˈkado.,"Ixena, Kado","ˈiʃena, ˈkado","Ixena, Kado good job","ˈiʃena, ˈkado ɡud dʒab",Ixena job Kado,ˈiʃena dʒab ˈkado,Ixena good job!,ˈiʃena ɡud dʒab!
vilo_good_job_jibu,Vilo,Good job Jibu.,ɡud dʒab ˈdʒibu.,"Ixena, Jibu.","ˈiʃena, ˈdʒibu.",Ixena job!,ˈiʃena dʒab!,Ixena Jibu! Good job!,ˈiʃena ˈdʒibu! ɡud dʒab!,Ixena good job,ˈiʃena ɡud dʒab
vilo_good_job_everyone,Vilo,"Good job, everyone.","ɡud dʒab, ˈevwiwan.","Ixena, ud-ed","ˈiʃena, ˈuded","Ixena, ud-ed! Good","ˈiʃena, ˈuded! ɡud","Ixena, ud-ed! Good job!","ˈiʃena, ˈuded! ɡud dʒab!","Ixena, good job!","ˈiʃena, ɡud dʒab!"
vilo_response_annoyed,Vilo,Don't bother me with that!,dont ˈbade mi wid dat!,Nie ba mi wabad!,nie̯ ba mi ˈwabad!,Nie ba mi a ta! bother me!,nie̯ ba mi a ta! ˈbade mi!,Nie ba my bother!,nie̯ ba ˈmai ˈbade!,Nie ba no bother me!,nie̯ ba no ˈbade mi!
vilo_response_smug,Vilo,Keep your eyes on your own stations.,kip ˈioo ˈais an ˈioo on ˈstei̯ʃans.,Ba xina ed o ta [staxon].,ba ˈʃina ed o ta [ˈstaʃon].,"Ba xina e-va a ta podo, eyes own!","ba ˈʃina ˈeva a ta ˈpodo, ˈais on!","Ba xina ed o ta stations, li?","ba ˈʃina ed o ta ˈstei̯ʃans, li?",Ba xina Your eyes on your station,ba ˈʃina ˈioo ˈais an ˈioo ˈstei̯ʃan
vilo_fan_fixed_1,Vilo,Was that so hard?,was dat so had?,Li ked-ba apo?,li ˈkedba ˈapo?,Li apo bo hard?,li ˈapo bo had?,Hard? Ked-bo apo?,had? ˈkedbo ˈapo?,Apo so hard?,ˈapo so had?
vilo_fan_fixed_2,Vilo,Much better. Back to work!,matʃ ˈbete. bak tu wek!,Ixenudu. Ba bexa!,iˈʃenudu. ba ˈbeʃa!,Ixenudu. Ba bexa! Work!,iˈʃenudu. ba ˈbeʃa! wek!,Ixenudu. Back to work!,iˈʃenudu. bak tu wek!,Ixenudu! Work back now!,iˈʃenudu! wek bak ˈnau!
vilo_fan_fixed_3,Vilo,"That'll do, Jibu. Keep an eye on the fan next time.","ˈdatal du, ˈdʒibu. kip an ˈai an da fan nekst ˈtaim.",Ipo ga Jibu. Ba xina mi o tomig odo.,ˈipo ɡa ˈdʒibu. ba ˈʃina mi o ˈtomiɡ ˈodo.,"Ipo la-no, Jibu. Ba xina fan broken!","ˈipo ˈlano, ˈdʒibu. ba ˈʃina fan ˈbwokan!",Ked-ba Jibu. Abo. Watch the fan next time!,ˈkedba ˈdʒibu. ˈabo. watʃ da fan nekst ˈtaim!,"Ga-no do, Jibu. Keep eye on fan next time.","ˈɡano du, ˈdʒibu. kip ˈai an fan nekst ˈtaim."
vilo_refuses,Vilo,No.,no.,Nie.,nie̯.,Nie no,nie̯ no,Nie no,nie̯ no,Nie no.,nie̯ no.
vilo_reacts_to_mubo,Vilo,You heard the Utai! Get to it!,ˈiu hed da ˈutei̯! ɡet tu it!,Hena-no e ta [utai]! Ba ba ipo!,ˈhenano e ta [ˈutai]! ba ba ˈipo!,Hena-no e ta Utai! Go now!,ˈhenano e ta ˈutai! ɡo ˈnau!,You heard Utai! Ba ba ipo!,ˈiu hed ˈutai! ba ba ˈipo!,"Hena-no e, you heard the Utai!","ˈhenano e, ˈiu hed da ˈutai!"
vilo_must_be_kidding_v2,Vilo,"Ah, come on!","a, kam an!","A-o, ba!","ˈao, ba!","Ba haba, come on!","ba ˈhaba, kam an!",Ba haba! Come on!,ba ˈhaba! kam an!,Ba haba! come on!,ba ˈhaba! kam an!
vilo_droid_whats_wrong,Vilo,What's wrong with the dwoid?,wats won wid da dwoi̯d?,Li bok-no da djoid?,li ˈbokno da dʒoi̯d?,Li bok-no da djoid broken?,li ˈbokno da dʒoi̯d ˈbwokan?,Da djoid? Broken!,da dʒoi̯d? ˈbwokan!,Li bok-no droid broken?,li ˈbokno dwoi̯d ˈbwokan?
vilo_droid_malfunction,Vilo,Dwoid malfunction?,dwoi̯d ˈmalfankʃan?,Li da djoid nixetu?,li da dʒoi̯d ˈniʃetu?,Djoid nixetu? Malfunction?,dʒoi̯d ˈniʃetu? ˈmalfankʃan?,Nixetu dwoid?,ˈniʃetu dwoi̯d?,Nixetu droid broken?,ˈniʃetu dwoi̯d ˈbwokan?
vilo_you_heard_mubo,Vilo,You heard Mubo. Hurry up and get the key!,ˈiu hed ˈmubo. hei̯ ap and ɡet da ki!,Hena-no e [mubo]. Ba buma ta gade!,ˈhenano e [ˈmubo]. ba ˈbuma ta ˈɡade!,Hena-no e Mubo. Ba haba get key!,ˈhenano e ˈmubo. ba ˈhaba ɡet ki!,Hena-no e Mubo. Hurry up get key!,ˈhenano e ˈmubo. hei̯ ap ɡet ki!,Hena-no e Mubo. Hurry up get the key!,ˈhenano e ˈmubo. hei̯ ap ɡet da ki!
vilo_points_work_bench,Vilo,Kado! Hurry it up!,ˈkado! hei̯ it ap!,Kado! Ba haba!,ˈkado! ba ˈhaba!,Kado! Ba haba! hurry!,ˈkado! ba ˈhaba! hei̯!,Ba haba! Hurry up!,ba ˈhaba! hei̯ ap!,Ba haba! Hurry up!,ba ˈhaba! hei̯ ap!
vilo_status_report,Vilo,"Jibu, Kado! Status report!","ˈdʒibu, ˈkado! ˈstatas ˈwipot!","Jibu, Kado! Penaga-la no!","ˈdʒibu, ˈkado! peˈnaɡala no!","Jibu, Kado! Report!","ˈdʒibu, ˈkado! ˈwipot!",Li la pena-bexa! Status report!,li la peˈnabeʃa! ˈstatas ˈwipot!,Li la-no report!,li ˈlano ˈwipot!
vilo_shout_order_at_kado,Vilo,"Kado, move it!","ˈkado, muv it!","E Kado, ba daba!","e ˈkado, ba ˈdaba!",Ba haba Kado move!,ba ˈhaba ˈkado muv!,Ba haba Kado! Move it!,ba ˈhaba ˈkado! muv it!,Ba Kado move!,ba ˈkado muv!
vilo_shout_order_at_jibu,Vilo,"What are you waiting for, fix it!","wat ˈaa ˈiu ˈwei̯tin ˈfoo, fiks it!","Li bana e-va, ba moga ipo!","li ˈbana ˈeva, ba ˈmoɡa ˈipo!",Li bana po e? Fix it!,li ˈbana po e? fiks it!,Li bani e? Fix it now!,li ˈbani e? fiks it ˈnau!,"Ba moga, what you wait?","ba ˈmoɡa, wat ˈiu wei̯t?"
vilo_shout_order_at_everyone,Vilo,Time's running out!,ˈtaims ˈwanin ˈaut!,Bumani-mo med timadib!,buˈmanimo med ˈtimadib!,Bumani-mo time out!,buˈmanimo ˈtaim ˈaut!,Med timadib! Time out!,med ˈtimadib! ˈtaim ˈaut!,Bumani-mo time run!,buˈmanimo ˈtaim wan!
vilo_makes_announcement,Vilo,All hands on deck!,ol hands an dek!,Ba gapa da wabad!,ba ˈɡapa da ˈwabad!,Ba po-wabad go fix!,ba ˈpowabad ɡo fiks!,Ba moga hands up!,ba ˈmoɡa hands ap!,Wabad all hands on!,ˈwabad ol hands an!
vilo_directs_jibu_v2,Vilo,I need you to handle that?,ˈai nid ˈiu tu ˈhandal dat?,"Migaba mi moga e ked-ba, li?","ˈmiɡaba mi ˈmoɡa e ˈkedba, li?",Migaba mi ba moga pipe broken!,ˈmiɡaba mi ba ˈmoɡa ˈpaip ˈbwokan!,Migaba e ba fix that?,ˈmiɡaba e ba fiks dat?,Migaba mi you handle that?,ˈmiɡaba mi ˈiu ˈhandal dat?
vilo_handle_it,Vilo,Handle it. Now.,ˈhandal it. ˈnau.,Ba moga ipo. Bano.,ba ˈmoɡa ˈipo. ˈbano.,Ba moga now!,ba ˈmoɡa ˈnau!,"Ba moga, fix now!","ba ˈmoɡa, fiks ˈnau!",Ba moga handle it!,ba ˈmoɡa ˈhandal it!
vilo_kado_hurry_up,Vilo,"Kado, get it together!","ˈkado, ɡet it ˈtaɡede!","Kado, ba buma ipo!","ˈkado, ba ˈbuma ˈipo!","Ba buma ipo! Kado, together!","ba ˈbuma ˈipo! ˈkado, ˈtaɡede!","Kado, ba buma! Get together!","ˈkado, ba ˈbuma! ɡet ˈtaɡede!","Ba buma Kado, get together!","ba ˈbuma ˈkado, ɡet ˈtaɡede!"
vilo_mutters,Vilo,This gig is getting worse all the time.,dis ɡiɡ is ˈɡetin wes ol da ˈtaim.,Mo bexa bad ud-bano.,mo ˈbeʃa bad ˈudbano.,Mo bexa bad udmo panel broken!,mo ˈbeʃa bad ˈudmo ˈpanal ˈbwokan!,"Mo bexa bad, gig get worse","mo ˈbeʃa bad, ɡiɡ ɡet wes",Mo bexa this gig getting worse,mo ˈbeʃa dis ɡiɡ ˈɡetin wes
vilo_sigh_relief,Vilo,That was a close call.,dat was a klos kol.,Ked-ba no kitepe,ˈkedba no ˈkitepe,No ked-ba kitepe close!,no ˈkedba ˈkitepe klos!,Close call! Ked-ba kitepe.,klos kol! ˈkedba ˈkitepe.,Ked-ba very close call,ˈkedba ˈvewi klos kol
vilo_repaired_progress,Vilo,Progress!,ˈpwaɡwes!,Bama!,ˈbama!,Ba-mo work!,ˈbamo wek!,Progress! Ipo ixena!,ˈpwaɡwes! ˈipo ˈiʃena!,Ba-mo progress!,ˈbamo ˈpwaɡwes!
vilo_celebration,Vilo,We saved the day!,wi sei̯vd da dei̯!,Moga-no med da bed!,ˈmoɡano med da bed!,Ga-no med day saved!,ˈɡano med dei̯ sei̯vd!,Med da bed! We saved!,med da bed! wi sei̯vd!,"Med, we saved day!","med, wi sei̯vd dei̯!"
vilo_slumps_in_chair,Vilo,I'm getting too old for this.,ˈaim ˈɡetin tu old ˈfoo dis.,Mo mi gimani bano.,mo mi ˈɡimani ˈbano.,Mo mi gimani ud bano old now,mo mi ˈɡimani ud ˈbano old ˈnau,Mo mi gimani old now,mo mi ˈɡimani old ˈnau,"Mo mi, too old for this","mo mi, tu old ˈfoo dis"
vilo_quota_ship_units,Vilo,Heads up! We need to ship 20 units to hit our quota today.,heds ap! wi nid tu ʃip 20 ˈiunats tu hit ˈaue ˈkwota ˈtadei̯.,Ba degaemi! Med miga-ta be-n gapa med penaga 20 diye da med maco beded!,ba deˈɡaemi! med ˈmiɡata be.n ˈɡapa med ˈpenaɡa 20 ˈdii da med ˈmako ˈbeded!,E-va ba haba. Migaba med deka ta pama po-d units. Hit quota!,ˈeva ba ˈhaba. ˈmiɡaba med ˈdeka ta ˈpama po.d ˈiunats. hit ˈkwota!,Migaba med pena penaga de ba go ship twenty,ˈmiɡaba med ˈpena ˈpenaɡa de ba ɡo ʃip ˈtwenti,Djoid biba! We need to ship twenty units hit quota today!,dʒoi̯d ˈbiba! wi nid tu ʃip ˈtwenti ˈiunats hit ˈkwota ˈtadei̯!
vilo_speeder_bdx_crowds,Vilo,Big crowds for the BDX droids. Again.,biɡ ˈkwauds ˈfoo da bdks dwoi̯ds. ˈaɡen.,"Da biba djoid BDX po-ded, dega","da ˈbiba dʒoi̯d bdʃ ˈpoded, ˈdeɡa",Ka ud medet ba bama da BDX. Big crowds!,ka ud ˈmedet ba ˈbama da bdʃ. biɡ ˈkwauds!,Big crowds for BDX droids. Ud tumu!,biɡ ˈkwauds ˈfoo bdʃ dwoi̯ds. ud ˈtumu!,Da ud nad crowd big for BDX droids. Again.,da ud nad ˈkwaud biɡ ˈfoo bdʃ dwoi̯ds. ˈaɡen.
vilo_hutt_droid_ask,Vilo,"Jibu, what happened with that Hutt droid you were working on?","ˈdʒibu, wat ˈhapand wid dat hat dwoi̯d ˈiu we ˈwekin an?","Jibu, li ga-no a da djoid a Hutt po e moga-mo?","ˈdʒibu, li ˈɡano a da dʒoi̯d a hutt po e ˈmoɡamo?","Jibu, li ga-no e moga-mi? Hutt droid broken?","ˈdʒibu, li ˈɡano e ˈmoɡami? hat dwoi̯d ˈbwokan?","Jibu, li ga-no a djoid! What happened, huh?","ˈdʒibu, li ˈɡano a dʒoi̯d! wat ˈhapand, ha?","Jibu, li ga-no a potokol djoid you was working on?","ˈdʒibu, li ˈɡano a ˈpotokol dʒoi̯d ˈiu was ˈwekin an?"
vilo_jedi_back_to_work,Vilo,Don't believe everything you hear. Get back to work!,dont ˈbiliv ˈevwitin ˈiu ˈhii. ɡet bak tu wek!,Nie banada ta med. Ba bexa!,nie̯ ˈbanada ta med. ba ˈbeʃa!,Nie gima hena-no! Get back ba bexa.,nie̯ ˈɡima ˈhenano! ɡet bak ba ˈbeʃa.,Nie banada hena! Get back work!,nie̯ ˈbanada ˈhena! ɡet bak wek!,Nie! Don't believe all you hear! Get back to work!,nie̯! dont ˈbiliv ol ˈiu ˈhii! ɡet bak tu wek!
vilo_guest_need_credits,Vilo,Keep doing your job. We need their credits.,kip ˈduin ˈioo dʒab. wi nid ˈdee ˈkwedits.,Ga mo bexa e-va. Migaba ni keditu po-da.,ɡa mo ˈbeʃa ˈeva. ˈmiɡaba ni ˈkeditu ˈpoda.,Ba mo bexa mi. Their credits needed!,ba mo ˈbeʃa mi. ˈdee ˈkwedits ˈnidad!,Migaba da ked keditu! Keep doing job.,ˈmiɡaba da ked ˈkeditu! kip ˈduin dʒab.,Ba-mo bexa med. Need their credits now!,ˈbamo ˈbeʃa med. nid ˈdee ˈkwedits ˈnau!
vilo_guest_thinks_funny,Vilo,Somebody thinks they're funny.,ˈsambadi tinks ˈdee ˈfani.,Da bana-na ie bibi,da ˈbanana ie̯ ˈbibi,Bana-nie ba funny,ˈbananie̯ ba ˈfani,Bana-nie funny!,ˈbananie̯ ˈfani!,Ha! Somebody think funny!,ha! ˈsambadi tink ˈfani!
vilo_guest_dont_forget_quotas,Vilo,Don't forget your quotas! Hurry it up!,dont ˈfeɡet ˈioo ˈkwotas! hei̯ it ap!,Nie ba bumani mi xo kwota! Ba haba!,nie̯ ba ˈbumani mi ʃo ˈkwota! ba ˈhaba!,Nie pama! Quotas hurry!,nie̯ ˈpama! ˈkwotas hei̯!,Nie ba ga quotas! Hurry up!,nie̯ ba ɡa ˈkwotas! hei̯ ap!,Nad! Don't forget quotas! Hurry up!,nad! dont ˈfeɡet ˈkwotas! hei̯ ap!
vilo_guest_grey_hair_wiser,Vilo,Hey! Gray hair means you're wiser.,hei̯! ɡwei̯ ˈhee mins ˈiuu ˈwaise.,Hei! Da biba kasa ga va-e xo ixena,hei̯! da ˈbiba ˈkasa ɡa ˈvae ʃo ˈiʃena,Bima djoid! You wiser!,ˈbima dʒoi̯d! ˈiu ˈwaise!,Hei! Ipo ixena. Gray hair wise.,hei̯! ˈipo ˈiʃena. ɡwei̯ ˈhee ˈwais.,Bomu! Gray hair wise!,ˈbomu! ɡwei̯ ˈhee ˈwais!
vilo_guest_pasaana_color,Vilo,I saw that color on Pasaana once.,ˈai so dat ˈkale an paˈsaana wans.,Xina-no mi ked-ba kapa a Pasaana be,ˈʃinano mi ˈkedba ˈkapa a paˈsaana be,Xina-no mi ked kapa a Pasaana be color once,ˈʃinano mi ked ˈkapa a paˈsaana be ˈkale wans,"Ked-ba kapa be, I saw once","ˈkedba ˈkapa be, ˈai so wans",Xina-no mi saw that color on Pasaana once,ˈʃinano mi so dat ˈkale an paˈsaana wans
vilo_guest_fuel_injectors,Vilo,"Kado, you solder those fuel injectors yet?","ˈkado, ˈiu ˈsade dos ˈfiual ˈindʒektes ie̯t?","Kado, li e-va la-no ta po-fuel-injector ba moga?","ˈkado, li ˈeva ˈlano ta pofueˈlindʒektow ba ˈmoɡa?","Kado! E-va la po-ipama, solder yet?","ˈkado! ˈeva la poˈipama, ˈsade ie̯t?","Kado, e-va ba moga! Done yet?","ˈkado, ˈeva ba ˈmoɡa! dan ie̯t?","Kado, bo you solder fuel injectors yet?","ˈkado, bo ˈiu ˈsade ˈfiual ˈindʒektes ie̯t?"
vilo_guest_need_it_today,Vilo,No! They need it today!,no! dei̯ nid it ˈtadei̯!,Nie! med migaba ipo bed-no!,nie̯! med ˈmiɡaba ˈipo ˈbedno!,"Nie, miga-bo ipo today!","nie̯, ˈmiɡabo ˈipo ˈtadei̯!",Nie bano! Need it!,nie̯ ˈbano! nid it!,Nie! need it today!,nie̯! nid it ˈtadei̯!
vilo_guest_who_are_you,Vilo,You! Who are you?,ˈiu! hu ˈaa ˈiu?,E-va! Li e?,ˈeva! li e?,E! Who e?,e! hu e?,E! Who you?,e! hu ˈiu?,E-va who you?,ˈeva hu ˈiu?
vilo_guest_why_near_shop,Vilo,You! Why you near our shop?,ˈiu! ˈwai ˈiu ˈnii ˈaue ʃap?,E-va! Li e gado ked-ka anzel-po?,ˈeva! li e ˈɡado ˈkedka ˈanselpo?,E-va! Li bana near our shop?,ˈeva! li ˈbana ˈnii ˈaue ʃap?,Why you near anzel?,ˈwai ˈiu ˈnii ˈansel?,E-va! You why near shop?,ˈeva! ˈiu ˈwai ˈnii ʃap?
vilo_guest_not_grumpy,Vilo,Not grumpy. Just a good worker.,nat ˈɡwampi. dʒast a ɡud ˈweke.,Nie ipo goda. Ba bexa ixena.,nie̯ ˈipo ˈɡoda. ba ˈbeʃa ˈiʃena.,Nie ipo goda! Just good worker.,nie̯ ˈipo ˈɡoda! dʒast ɡud ˈweke.,Ni ga ipo. Good worker!,ni ɡa ˈipo. ɡud ˈweke!,Nie bana-nie. I am good worker.,nie̯ ˈbananie̯. ˈai am ɡud ˈweke.
vilo_guest_go_away,Vilo,You still here? Go away!,ˈiu stil ˈhii? ɡo ˈawei̯!,Li ked ba-mo? Nie ba!,li ked ˈbamo? nie̯ ba!,E-do ud ked? Go away!,ˈedo ud ked? ɡo ˈawei̯!,Li ked-ba bado? Go away!,li ˈkedba ˈbado? ɡo ˈawei̯!,Ked mo? Go away!,ked mo? ɡo ˈawei̯!
vilo_guest_i_said_go,Vilo,I said go! We got work to do!,ˈai sed ɡo! wi ɡat wek tu du!,La-no ba! Med ba bexa ga,ˈlano ba! med ba ˈbeʃa ɡa,La-no ba! We got work do!,ˈlano ba! wi ɡat wek du!,La-no ba! We got work to do!,ˈlano ba! wi ɡat wek tu du!,"Bomu! I said go, we got work!","ˈbomu! ˈai sed ɡo, wi ɡat wek!"
vilo_react_interesting,Vilo,Interesting.,ˈintwastin.,li bama,li ˈbama,Pene-ixena! Interesting!,peneˈiʃena! ˈintwastin!,Ipo xilaxi! Cool!,ˈipo ˈʃilaʃi! kul!,Ga-no ka interesting,ˈɡano ka ˈintwastin
vilo_havent_seen,Vilo,Hm. Haven't seen that one before.,hm. ˈhavant sin dat wan ˈbifoo.,Hm. Li no xina ka ked-nipo.,hm. li no ˈʃina ka ˈkednipo.,Li ipo-po hm hm.,li ˈipopo hm hm.,"Hm. Li ga-no xina po-ka, never seen!","hm. li ˈɡano ˈʃina ˈpoka, ˈneve sin!",Nie la-no mi not see before,nie̯ ˈlano mi nat si ˈbifoo
vilo_react_didnt_know,Vilo,Didn't know that.,ˈdidant no dat.,Nie banada-no ked,nie̯ baˈnadano ked,Ga-no that,ˈɡano dat,Nie banada! Didn't know!,nie̯ ˈbanada! ˈdidant no!,Banada no know!,ˈbanada no no!
vilo_react_mmhmm_v2,Vilo,Mmm.,mmm.,Mmm.,mmm.,"Mu-muba, mmm","ˈmumuba, mmm","Mu-muba, mmm.","ˈmumuba, mmm.","Mumuba, mmm","ˈmumuba, mmm"
vilo_react_what_now,Vilo,What now.,wat ˈnau.,Li bano.,li ˈbano.,Li bano? What,li ˈbano? wat,Li now?,li ˈnau?,Bano what now!,ˈbano wat ˈnau!
vilo_react_moving_on,Vilo,Moving on.,ˈmuvin an.,ba-mo,ˈbamo,Ba na on,ba na an,Ba-mo move,ˈbamo muv,Ba-mo moving on!,ˈbamo ˈmuvin an!
vilo_last_week_dont_remind,Vilo,Don't remind me about last week.,dont ˈwimaind mi ˈabaut last wik.,Nie ba mi la tak-a be-no!,nie̯ ba mi la ˈtaka ˈbeno!,Nie ba mi la pena last week!,nie̯ ba mi la ˈpena last wik!,Nie ba mi! Last week!,nie̯ ba mi! last wik!,"Nie la last week, no remind me!","nie̯ la last wik, no ˈwimaind mi!"
vilo_today_too_much,Vilo,Too much on the list today.,tu matʃ an da list ˈtadei̯.,Ud-udu a lista bano,ˈududu a ˈlista ˈbano,Ud da bana bano too much,ud da ˈbana ˈbano tu matʃ,Tumu udu! Too much list!,ˈtumu ˈudu! tu matʃ list!,Udu da much things on list,ˈudu da matʃ tins an list
vilo_cantina_closed_late,Vilo,Cantina closed late last night. Very late!,ˈkantina klosd lei̯t last ˈnait. ˈvewi lei̯t!,Da cantina banada-no tepe-bed bano. Be-be bano!,da ˈkantina baˈnadano ˈtepebed ˈbano. ˈbebe ˈbano!,Ked-ba kontina ketapa bed-no. Very late!,ˈkedba ˈkontina ˈketapa ˈbedno. ˈvewi lei̯t!,Cantina closed! Ked tumunie bed-no.,ˈkantina klosd! ked ˈtumunie̯ ˈbedno.,Ba-no cantina closed late last night!,ˈbano ˈkantina klosd lei̯t last ˈnait!
vilo_weekend_stayed_in,Vilo,Stayed in. It was fine.,stei̯d in. it was ˈfain.,Ba-no ka anzel. Ipo ixena.,ˈbano ka ˈansel. ˈipo ˈiʃena.,Ba-no ked ixena fine.,ˈbano ked ˈiʃena ˈfain.,Ba-no ixena! Stayed in.,ˈbano ˈiʃena! stei̯d in.,Ked ixena stayed in.,ked ˈiʃena stei̯d in.
vilo_weird_noticed_earlier,Vilo,I noticed something earlier. Not sure what.,ˈai ˈnotast ˈsamtin ˈelie̯. nat ˈʃuu wat.,Ga-no mi xina tumuniemi. Nie gima li?,ˈɡano mi ˈʃina tuˈmunie̯mi. nie̯ ˈɡima li?,Ga-no mi bana-tib Not sure,ˈɡano mi ˈbanatib nat ˈʃuu,Ga-no mi degamie. Not sure what.,ˈɡano mi ˈdeɡamie̯. nat ˈʃuu wat.,Ga-no mi something earlier. Not sure what.,ˈɡano mi ˈsamtin ˈelie̯. nat ˈʃuu wat.
vilo_weird_keep_eye_out,Vilo,Keep an eye out.,kip an ˈai ˈaut.,Ba xina,ba ˈʃina,Ba xina ta eye!,ba ˈʃina ta ˈai!,Ba xina! Watch out!,ba ˈʃina! watʃ ˈaut!,"Ba xina, keep eye out!","ba ˈʃina, kip ˈai ˈaut!"
vilo_smalltalk_one_thing_at_a_time,Vilo,One thing at a time.,wan tin at a ˈtaim.,Da bana ka po-da,da ˈbana ka ˈpoda,Ka bana ta po-bana one!,ka ˈbana ta ˈpobana wan!,"Ka bana po-de, one time","ka ˈbana ˈpode, wan ˈtaim",Bana one thing at time,ˈbana wan tin at ˈtaim
vilo_step_by_step,Vilo,Just go step by step.,dʒast ɡo step ˈbai step.,ba haba ba haba,ba ˈhaba ba ˈhaba,Ba hena ta be po-ka step,ba ˈhena ta be ˈpoka step,Ba-tipa step by step,ˈbatipa step ˈbai step,Ba moga step by step,ba ˈmoɡa step ˈbai step
vilo_guest_goodbye,Vilo,Goodbye. Move along.,ˈɡudbai. muv ˈalon.,Bama xe. Ba ba e-va.,ˈbama ʃe. ba ba ˈeva.,Bama xe. Move!,ˈbama ʃe. muv!,Bama xe. Move on!,ˈbama ʃe. muv an!,Bama xe. Move along!,ˈbama ʃe. muv ˈalon!
vilo_guest_lightsaber,Vilo,Ooh! A' deg a' Jedi!,u! a' deɡ a' ˈdʒedai!,Aaxe! Dega me Jedi!,ˈaaʃe! ˈdeɡa me ˈdʒedi!,Da deg Jedi! wow!,da deɡ ˈdʒedai! ˈwau!,Dega Jedi! Uh oh!,ˈdeɡa ˈdʒedai! a o!,Aaxe! Jedi so strong!,ˈaaʃe! ˈdʒedai so stwon!
vilo_guest_phone_camera_selfie,Vilo,Fine. One picture.,ˈfain. wan ˈpiktʃe.,Ixena. Ka pikta.,ˈiʃena. ka ˈpikta.,Ixena. Picture!,ˈiʃena. ˈpiktʃe!,Ixena. One picture.,ˈiʃena. wan ˈpiktʃe.,Ixena. Picture one!,ˈiʃena. ˈpiktʃe wan!
vilo_guest_compliment,Vilo,Yes. I am best.,ie̯s. ˈai am best.,Nad. Mi ixenudu.,nad. mi iˈʃenudu.,Nad. Mi best.,nad. mi best.,Mi best. Nad.,mi best. nad.,Nad. I am best.,nad. ˈai am best.
vilo_guest_cast_member_stop_yelling,Vilo,Hmph. Not yelling.,hmf. nat ˈie̯lin.,Hmph. Nie.,hmph. nie̯.,Nie ba la! No yelling!,nie̯ ba la! no ˈie̯lin!,Not yelling! Nie.,nat ˈie̯lin! nie̯.,Nie la-o yelling!,nie̯ ˈlao ˈie̯lin!
vilo_guest_called_ugly,Vilo,Ugly?! ME?! No!,ˈaɡli?! mi?! no!,Li koko? Li mi-va? Nie!,li ˈkoko? li ˈmiva? nie̯!,Mi?! No! Koko?!,mi?! no! ˈkoko?!,Ipo! Ugly no!,ˈipo! ˈaɡli no!,Mi? Ugly no!,mi? ˈaɡli no!
vilo_guest_called_cute,Vilo,Cute? Well... yes.,ˈkiut? wel... ie̯s.,Li momo? De... nad.,li ˈmomo? de... nad.,Li momo? yes.,li ˈmomo? ie̯s.,Li momo? Yes.,li ˈmomo? ie̯s.,"Momo? Yes, well","ˈmomo? ie̯s, wel"
vilo_guest_holds_up_grogu,Vilo,Bad baby! Go away!,bad ˈbei̯bi! ɡo ˈawei̯!,Bad bebi! Ba ba nie mi wabad!,bad ˈbebi! ba ba nie̯ mi ˈwabad!,Bad bebi! Go away!,bad ˈbebi! ɡo ˈawei̯!,Bad bebi! Go away!,bad ˈbebi! ɡo ˈawei̯!,Bad bebi! Go away!,bad ˈbebi! ɡo ˈawei̯!
vilo_guest_holds_up_toy_droid,Vilo,That droid! We fix!,dat dwoi̯d! wi fiks!,Da droid! Moga med!,da dwoi̯d! ˈmoɡa med!,Da djoid! fix!,da dʒoi̯d! fiks!,Da djoid! We fix!,da dʒoi̯d! wi fiks!,Da djoid! Fix now!,da dʒoi̯d! fiks ˈnau!
vilo_guest_adult_waves,Vilo,Yes yes. Hello.,ie̯s ie̯s. ˈhalo.,"Nad nad,. Adega.","nad nad,. ˈadeɡa.",Nad nad. Hello.,nad nad. ˈhalo.,Nad nad. Hello.,nad nad. ˈhalo.,Nad yes yes.,nad ie̯s ie̯s.
vilo_guest_eating_popcorn,Vilo,Yuck! Popcorn. Gross!,ˈiak! ˈpapkon. ɡwos!,aaxe! Popokorna! Koko!,ˈaaʃe! poˈpokowna! ˈkoko!,Aaxe! nixena! gross!,ˈaaʃe! ˈniʃena! ɡwos!,Waba nixena! Gross!,ˈwaba ˈniʃena! ɡwos!,Ni-xena! So gross!,ˈniʃena! so ɡwos!
vilo_guest_asks_what_creature,Vilo,We Anzellan. Best kind.,wi ˈansellan. best ˈkaind.,Med [anzellan]. Ixenudu.,med [ˈansellan]. iˈʃenudu.,Med anzelan. Best kind.,med ˈanselan. best ˈkaind.,Med anzellan. Best kind.,med ˈansellan. best ˈkaind.,Med best kind!,med best ˈkaind!
vilo_guest_asks_where_are_we,Vilo,Batuu. This is Batuu.,ˈbatuu. dis is ˈbatuu.,Batuu. Ked [batuu].,ˈbatuu. ked [ˈbatuu].,Batuu. Ked Batuu here!,ˈbatuu. ked ˈbatuu ˈhii!,Ked batuu. This Batuu.,ked ˈbatuu. dis ˈbatuu.,Batuu. This Batuu.,ˈbatuu. dis ˈbatuu.
vilo_had_breakfast,Vilo,You just had break! You ate all the Jogan fruit!,ˈiu dʒast had bwei̯k! ˈiu ei̯t ol da ˈdʒoɡan fwut!,Ga-no ipo bano! Ga-no mi gabe da Jogan gona!,ˈɡano ˈipo ˈbano! ˈɡano mi ˈɡabe da ˈdʒoɡan ˈɡona!,Ga-no e mada bok! Ba-na jogan fruit!,ˈɡano e ˈmada bok! ˈbana ˈdʒoɡan fwut!,Ga-no ipo bok! You ate all fruit!,ˈɡano ˈipo bok! ˈiu ei̯t ol fwut!,Ga-no ipo bada! You eat all Jogan fruit!,ˈɡano ˈipo ˈbada! ˈiu it ol ˈdʒoɡan fwut!
vilo_yellow_shirt_like_you,Vilo,"Jibu, the watcher is wearing yellow shirt. Like you!","ˈdʒibu, da ˈwatʃe is ˈwewin ˈie̯lo ʃet. ˈlaik ˈiu!",Jibu! Da watcher po ha-mi biba kapa. Miga mi e-va!,ˈdʒibu! da ˈwatʃe po ˈhami ˈbiba ˈkapa. ˈmiɡa mi ˈeva!,"Jibu, da wawa ba-xina da shita basa-kapa! Like you!","ˈdʒibu, da ˈwawa ˈbaʃina da ˈshita baˈsakapa! ˈlaik ˈiu!","Jibu, ked-po djoid mo da kapa gami. Like you!","ˈdʒibu, ˈkedpo dʒoi̯d mo da ˈkapa ˈɡami. ˈlaik ˈiu!","Jibu, da watcher is wearing yellow shirt. Like you!","ˈdʒibu, da ˈwatʃe is ˈwewin ˈie̯lo ʃet. ˈlaik ˈiu!"
vilo_guest_yellow_shirt,Vilo,"Jibu, the Offworlders are wearing yellow.","ˈdʒibu, da ˈoffwowldews ˈaa ˈwewin ˈie̯lo.","Jibu, da offworld-ad ba xina-be kapa.","ˈdʒibu, da ˈoffwowldad ba ˈʃinabe ˈkapa.","Jibu, ta banada-kapa yellow.","ˈdʒibu, ta banaˈdakapa ˈie̯lo.","Jibu, da waba xo yellow broken.","ˈdʒibu, da ˈwaba ʃo ˈie̯lo ˈbwokan.",Da ka-en-ta po-wa yellow wear!,da ˈkaenta ˈpowa ˈie̯lo ˈwee!
vilo_brown_shirt_important,Vilo,Offworlder has a brown shirt. So does Vilo. We very important.,ˈoffwowldew has a ˈbwaun ʃet. so das ˈvilo. wi ˈvewi ˈimpotant.,Ipo bama caxa ka kusa. Ipo Vilo va kusa ede. Ixena dega.,ˈipo ˈbama ˈkaksa ka ˈkusa. ˈipo ˈvilo va ˈkusa ˈede. ˈiʃena ˈdeɡa.,Ba-na waba apo da fisa. We very important. Ba-na waba da Vilu.,ˈbana ˈwaba ˈapo da ˈfisa. wi ˈvewi ˈimpotant. ˈbana ˈwaba da ˈvilu.,Med ud va. Offworlder has brown shirt. Vilo too.,med ud va. ˈoffwowldew has ˈbwaun ʃet. ˈvilo tu.,Ba gapa ipo ka kape kapa. Offworlder has brown shirt. We very important.,ba ˈɡapa ˈipo ka ˈkape ˈkapa. ˈoffwowldew has ˈbwaun ʃet. wi ˈvewi ˈimpotant.
vilo_respect_elders,Vilo,Hey! Respect your elders.,hei̯! ˈwispekt ˈioo ˈeldes.,Hei! Ba dega mi banida.,hei̯! ba ˈdeɡa mi ˈbanida.,Hei! Dega penal elders!,hei̯! ˈdeɡa ˈpinal ˈeldes!,"Dega, boda! Respect elders!","ˈdeɡa, ˈboda! ˈwispekt ˈeldes!","Adega, respect your elders!","ˈadeɡa, ˈwispekt ˈioo ˈeldes!"
vilo_guest_hair_nice,Vilo,"Oh, A' DEG A! Hair very nice!","o, a' deɡ a! ˈhee ˈvewi ˈnais!","Oh, adega! Xiba mumuba ixa!","oh, ˈadeɡa! ˈʃiba ˈmumuba ˈiʃa!","Oh, adega! Xe mu-xina nice hair!","o, ˈadeɡa! ʃe ˈmuʃina ˈnais ˈhee!","Oh, adega! Hair very nice!","o, ˈadeɡa! ˈhee ˈvewi ˈnais!",Adega! Hair very nice!,ˈadeɡa! ˈhee ˈvewi ˈnais!
vilo_guest_nice_hair,Vilo,You have nice hair. Nice like my beard.,ˈiu hav ˈnais ˈhee. ˈnais ˈlaik ˈmai bid.,Buma e ixena biba. Ixena la-mi beded.,ˈbuma e ˈiʃena ˈbiba. ˈiʃena ˈlami ˈbeded.,E-va buma ixena biba. Nice like my beard.,ˈeva ˈbuma ˈiʃena ˈbiba. ˈnais ˈlaik ˈmai bid.,Ixena bi po mi bina. You have nice hair.,ˈiʃena bi po mi ˈbina. ˈiu hav ˈnais ˈhee.,E buma ixena. Nice hair you have! Like my beard.,e ˈbuma ˈiʃena. ˈnais ˈhee ˈiu hav! ˈlaik ˈmai bid.
vilo_guest_blue_hair_coruscant,Vilo,"Oh, blue hair! Very popular on Coruscant.","o, blu ˈhee! ˈvewi paˈpiale an ˈkowuskant.","Ah, xina biba-po! Mu-miga ba Coruscant.","ah, ˈʃina ˈbibapo! ˈmumiɡa ba ˈkowuskant.",Axe kapa biba! Very popular!,aks ˈkapa ˈbiba! ˈvewi paˈpiale!,Abe kapa! Very popular on Coruscant.,ei̯b ˈkapa! ˈvewi paˈpiale an ˈkowuskant.,Biba kapa! Very popular on Coruscant.,ˈbiba ˈkapa! ˈvewi paˈpiale an ˈkowuskant.
vilo_guest_thank_you,Vilo,Thank you.,tank ˈiu.,Dega-mi-e.,deˈɡamie.,Dega-mi-e thanks!,deˈɡamie tanks!,Dega-mi-e thanks,deˈɡamie tanks,Dega-mi-e thank you,deˈɡamie tank ˈiu
vilo_guest_get_out,Vilo,Get outta here. We're working.,ɡet ˈuta ˈhii. ˈwii ˈwekin.,Ba pa ked. Med bexa.,ba pa ked. med ˈbeʃa.,Nie ba ked! Work!,nie̯ ba ked! wek!,Get outta! Nie ba!,ɡet ˈuta! nie̯ ba!,Nie ba geta! We working now!,nie̯ ba ˈɡeta! wi ˈwekin ˈnau!
vilo_think_of_my_shirt,Vilo,Hey... Whaddya guys think of my shirt?,hei̯... ˈwaddia ˈɡais tink av ˈmai ʃet?,Hei... Li bana e ed va lami pepa?,hei̯... li ˈbana e ed va ˈlami ˈpepa?,Hei... Li bana mi shirt?,hei̯... li ˈbana mi ʃet?,Hei... Li bana e mi my shirt?,hei̯... li ˈbana e mi ˈmai ʃet?,Hei! What think you guys shirt my?,hei̯! wat tink ˈiu ˈɡais ʃet ˈmai?
vilo_guest_my_shirt,Vilo,What do you think of my new shirt?,wat du ˈiu tink av ˈmai nu ʃet?,Li bana e mi no fida waba?,li ˈbana e mi no ˈfida ˈwaba?,Li bana-mi da kapa moga bano? New shirt?,li ˈbanami da ˈkapa ˈmoɡa ˈbano? nu ʃet?,Li bana mi? My new shirt!,li ˈbana mi? ˈmai nu ʃet!,"Li bana my new shirt, what?","li ˈbana ˈmai nu ʃet, wat?"
vilo_guest_move_along,Vilo,Move along.,muv ˈalon.,Bama xe,ˈbama ʃe,Ba ba go,ba ba ɡo,Ba go.,ba ɡo.,Ba ba go away!,ba ba ɡo ˈawei̯!
vilo_guest_not_cute,Vilo,"No no no, Vilo STRONG and INTIMIDATING!","no no no, ˈvilo stwon and intiˈmidei̯tin!","Nie nie nie, Vilu xe xe, xe gode!","nie̯ nie̯ nie̯, ˈvilu ʃe ʃe, ʃe ˈɡode!","Nie nie nie, Vilu strong and INTIMIDATING!","nie̯ nie̯ nie̯, ˈvilu stwon and intiˈmidei̯tin!","Nie nie nie, Vilu strong and intimidating!","nie̯ nie̯ nie̯, ˈvilu stwon and intiˈmidei̯tin!","Nie nie no no no, Vilu strong intimidating!","nie̯ nie̯ no no no, ˈvilu stwon intiˈmidei̯tin!"
vilo_guest_quotas,Vilo,Don't forget your quotas!,dont ˈfeɡet ˈioo ˈkwotas!,Nie ba bumani e-po pama a da keditu-po!,nie̯ ba ˈbumani ˈepo ˈpama a da keˈditupo!,Nie ba la quotas!,nie̯ ba la ˈkwotas!,Nie ba forget quotas!,nie̯ ba ˈfeɡet ˈkwotas!,Nie ba bo Don't forget quotas!,nie̯ ba bo dont ˈfeɡet ˈkwotas!
vilo_guest_introductions,Vilo,Ignore these two. I'm Vilo. I run this place.,ˈiɡnoo dis tu. ˈaim ˈvilo. ˈai wan dis plei̯s.,Nie la-no da de ked. Mo ipo Vilu. Ga mo mi de anzeli.,nie̯ ˈlano da de ked. mo ˈipo ˈvilu. ɡa mo mi de ˈanseli.,"Nie, la-no de ka. Vilo run!","nie̯, ˈlano de ka. ˈvilo wan!",Nie po-de! I am Vilo. Run this place.,nie̯ ˈpode! ˈai am ˈvilo. wan dis plei̯s.,Bomu! Ignore these two. I'm Vilo. I run this place.,ˈbomu! ˈiɡnoo dis tu. ˈaim ˈvilo. ˈai wan dis plei̯s.
vilo_guest_giveup_1,Vilo,Fine. These orders won't fill themselves...,ˈfain. dis ˈodes wont fil ˈdemselvs...,Ixena. Ket ba ipama-ta.,ˈiʃena. ket ba iˈpamata.,"Ixena. Nie bo ipama-mi-e, won't fill!","ˈiʃena. nie̯ bo ipaˈmamie, wont fil!",Da pene-nie! Won't fill self.,da ˈpenenie̯! wont fil self.,Pudu! These orders no fill self,ˈpudu! dis ˈodes no fil self
vilo_guest_giveup_2,Vilo,"Alright, back to it...","ˈolwait, bak tu it...","nad, o bexa","nad, o ˈbeʃa","O bexa, ba work!","o ˈbeʃa, ba wek!",O bexa! Back it,o ˈbeʃa! bak it,Abobo! Back to it,ˈabobo! bak tu it
vilo_guest_giveup_3,Vilo,Ok. No more time for talking.,ˈokei̯. no ˈmoo ˈtaim ˈfoo ˈtokin.,Nadixe. Nie ud timadib a pena,ˈnadiʃe. nie̯ ud ˈtimadib a ˈpena,Nadixe. Nie ba la no more,ˈnadiʃe. nie̯ ba la no ˈmoo,Ka ud bed! No speak!,ka ud bed! no spik!,No more time for talking. Nie!,no ˈmoo ˈtaim ˈfoo ˈtokin. nie̯!
vilo_guest_what_are_you_doing,Vilo,Very Busy! Too many repairs!,ˈvewi ˈbisi! tu ˈmeni ˈwipes!,abobo ba-ba mo moga,ˈabobo ˈbaba mo ˈmoɡa,Ud babo! Repairs!,ud ˈbabo! ˈwipes!,Ud bexani! Repairs too!,ud ˈbeʃani! ˈwipes tu!,Abobo bexa! Too many repairs!,ˈabobo ˈbeʃa! tu ˈmeni ˈwipes!
vilo_guest_whats_that_droid,Vilo,We fixie. Good as new.,wi ˈfiksie̯. ɡud as nu.,Ga-mo mi. Ixena bo ixena.,ˈɡamo mi. ˈiʃena bo ˈiʃena.,Moga-no med. Good!,ˈmoɡano med. ɡud!,Ba moga med. Good new!,ba ˈmoɡa med. ɡud nu!,Ba mogaxi we fixie good,ba ˈmoɡaʃi wi ˈfiksie̯ ɡud
vilo_guest_hello,Vilo,Oh. A' deg a'.,o. a' deɡ a'.,A aaxe dega a.,a ˈaaʃe ˈdeɡa a.,Oh nad. A' deg a'.,o nad. a' deɡ a'.,Oh nad. Good job!,o nad. ɡud dʒab!,Adega oh yes!,ˈadeɡa o ie̯s!
vilo_guest_youre_so_cute,Vilo,You nice but compliments don't work on me.,ˈiu ˈnais bat ˈkamplaments dont wek an mi.,"E ixena, le dega-ni ga ni mi moga.","e ˈiʃena, le ˈdeɡani ɡa ni mi ˈmoɡa.",E ixena le compliments no work,e ˈiʃena le ˈkamplaments no wek,"You nice, ni ga-do mi.","ˈiu ˈnais, ni ˈɡado mi.",E ixena but compliments no work on me,e ˈiʃena bat ˈkamplaments no wek an mi
vilo_guest_what_type_of_alien,Vilo,We Anzellan.,wi ˈansellan.,Med anzelan.,med ˈanselan.,Med anzelan! We.,med ˈanselan! wi.,Med Anzellan.,med ˈansellan.,Med Anzel. We Anzellan.,med ˈansel. wi ˈansellan.
vilo_guest_babu_frik,Vilo,Everyone always asking about Babu Frick! I. Am. Vilo!,ˈevwiwan ˈolwei̯s ˈaskin ˈabaut ˈbabu fwik! ˈai. am. ˈvilo!,Med po-va li lali udmo a Babu Frick! Mi-xa Vilu!,med ˈpova li ˈlali ˈudmo a ˈbabu fwik! ˈmiʃa ˈvilu!,Udu med li lali fa Babu Frick! I. Am. Vilo!,ˈudu med li ˈlali fa ˈbabu fwik! ˈai. am. ˈvilo!,Haba med udmo! I am Vilo!,ˈhaba med ˈudmo! ˈai am ˈvilo!,"Med udmo, everybody always asking about Babu Frick! I am Vilo!","med ˈudmo, evˈwibadi ˈolwei̯s ˈaskin ˈabaut ˈbabu fwik! ˈai am ˈvilo!"
vilo_guest_mandalorian,Vilo,No Mandalorians here! Not safe.,no mandaˈlowians ˈhii! nat sei̯f.,Nie ked ba Mandalorian! Nie kitepe.,nie̯ ked ba mandaˈlowian! nie̯ ˈkitepe.,Nie ked-ba Mandalorians! Not safe.,nie̯ ˈkedba mandaˈlowians! nat sei̯f.,Nie Mandalorian! Not safe!,nie̯ mandaˈlowian! nat sei̯f!,Nie ked-ba No safe! Mandalorians!,nie̯ ˈkedba no sei̯f! mandaˈlowians!
vilo_guest_what_can_you_do,Vilo,We fix everything! Best in Outer Rim!,wi fiks ˈevwitin! best in ˈaute wim!,Ga-mo mi ga ud!,ˈɡamo mi ɡa ud!,Med ga moga ud! Best Outer Rim!,med ɡa ˈmoɡa ud! best ˈaute wim!,Ba moga med ud! Best Outer Rim!,ba ˈmoɡa med ud! best ˈaute wim!,Ixenudu! We fix all!,iˈʃenudu! wi fiks ol!
vilo_guest_dont_you_take_time_off,Vilo,Many droids to fix! Too many!,ˈmeni dwoi̯ds tu fiks! tu ˈmeni!,Da djoid-ad ba moga! Mu-miga djoid-ad!,da ˈdʒoi̯dad ba ˈmoɡa! ˈmumiɡa ˈdʒoi̯dad!,"Da djoid po-d, many too!","da dʒoi̯d po.d, ˈmeni tu!",Da djoid po-mogad udu! Too many!,da dʒoi̯d ˈpomoɡad ˈudu! tu ˈmeni!,Be djoid! Too many droids!,be dʒoi̯d! tu ˈmeni dwoi̯ds!
vilo_guest_what_are_your_names,Vilo,Me Vilo. Those lazy works Kado and Jibu.,mi ˈvilo. dos ˈlei̯si weks ˈkado and ˈdʒibu.,Mi Vilo. Ked kile bexad Kado le Jibu.,mi ˈvilo. ked ˈkile ˈbeʃad ˈkado le ˈdʒibu.,Ed kile bexad da Kado le Jibu. Lazy works!,ed ˈkile ˈbeʃad da ˈkado le ˈdʒibu. ˈlei̯si weks!,Mi Vilo. Lazy works Kado and Jibu.,mi ˈvilo. ˈlei̯si weks ˈkado and ˈdʒibu.,Mi ipo Vilo. Kado and Jibu lazy works.,mi ˈipo ˈvilo. ˈkado and ˈdʒibu ˈlei̯si weks.
vilo_guest_grogu,Vilo,Grogu? Who dat?,ˈɡwoɡu? hu dat?,Li Grogu? Li ked-ba ipo?,li ˈɡwoɡu? li ˈkedba ˈipo?,Li da Grogu? Who dat?,li da ˈɡwoɡu? hu dat?,Li ipo Grogu? Who dat?,li ˈipo ˈɡwoɡu? hu dat?,Grogu who dat?,ˈɡwoɡu hu dat?
vilo_guest_hugo_durant,Vilo,He just as lazy as Kado.,hi dʒast as ˈlei̯si as ˈkado.,Ipo kile a Kado,ˈipo ˈkile a ˈkado,Ipo kile ka Kado. Too lazy!,ˈipo ˈkile ka ˈkado. tu ˈlei̯si!,Ipo kile ga Kado. Very lazy.,ˈipo ˈkile ɡa ˈkado. ˈvewi ˈlei̯si.,Ipo ile kile he lazy like Kado,ˈipo ˈile ˈkile hi ˈlei̯si ˈlaik ˈkado
vilo_guest_food_truck,Vilo,I like. Shop good business.,ˈai ˈlaik. ʃap ɡud ˈbisnas.,Mi pilaxi. Da waba ixena bema.,mi ˈpilaʃi. da ˈwaba ˈiʃena ˈbema.,Mi miga ixena! Shop good!,mi ˈmiɡa ˈiʃena! ʃap ɡud!,Mi miga. Shop good.,mi ˈmiɡa. ʃap ɡud.,Mi like. Shop good business.,mi ˈlaik. ʃap ɡud ˈbisnas.
vilo_guest_what_are_you_working_on,Vilo,We fix better than anywhere in galaxy.,wi fiks ˈbete dan eˈniwee in ˈɡalaksi.,Med ba moga ixenudu a ta fos!,med ba ˈmoɡa iˈʃenudu a ta fos!,Ba bexani ga-ud pogal da galaxy better,ba ˈbeʃani ˈɡaud ˈpoɡal da ˈɡalaksi ˈbete,Ba bexani migaba med. We fix better.,ba ˈbeʃani ˈmiɡaba med. wi fiks ˈbete.,Ba moga we fix better than anywhere galaxy,ba ˈmoɡa wi fiks ˈbete dan eˈniwee ˈɡalaksi
vilo_guest_what_are_you_building,Vilo,We fix toys. Hard work yes.,wi fiks toi̯s. had wek ie̯s.,"Ga ba bexa da wabad. Bexa apo, nad.","ɡa ba ˈbeʃa da ˈwabad. ˈbeʃa ˈapo, nad.",Ba bexa da waba. Hard work!,ba ˈbeʃa da ˈwaba. had wek!,Ba moga bexad! Hard work yes!,ba ˈmoɡa ˈbeʃad! had wek ie̯s!,Ba moga toys hard work yes,ba ˈmoɡa toi̯s had wek ie̯s
vilo_guest_been_to_food_truck,Vilo,We get food on break work now.,wi ɡet fud an bwei̯k wek ˈnau.,Ba pama med ka a waba-beno bano,ba ˈpama med ka a waˈbabeno ˈbano,Bano ba pama med! Food now!,ˈbano ba ˈpama med! fud ˈnau!,We get food ba buma bano,wi ɡet fud ba ˈbuma ˈbano,Ba pama we get food on break now,ba ˈpama wi ɡet fud an bwei̯k ˈnau
vilo_guest_enjoying_d23,Vilo,Eh. We work better planets than this.,e. wi wek ˈbete ˈplanats dan dis.,"E, bexa ud ixena med dana-ta ked.","e, ˈbeʃa ud ˈiʃena med ˈdanata ked.",Better planets! Med bexa ixena,ˈbete ˈplanats! med ˈbeʃa ˈiʃena,Med bexa ked. Better planets this.,med ˈbeʃa ked. ˈbete ˈplanats dis.,Med bexa better planet than this.,med ˈbeʃa ˈbete ˈplanat dan dis.
vilo_guest_how_liking_earth,Vilo,Bah this planet have too much water.,ba dis ˈplanat hav tu matʃ ˈwote.,Ba beno ked-po muba ipo tumu a wawa-udu!,ba ˈbeno ˈkedpo ˈmuba ˈipo ˈtumu a waˈwaudu!,Nie ket tumu! Too much water.,nie̯ ket ˈtumu! tu matʃ ˈwote.,Bah too much water! Nie tumu ipo mumuba,ba tu matʃ ˈwote! nie̯ ˈtumu ˈipo ˈmumuba,Be mumuba! Too much water here!,be ˈmumuba! tu matʃ ˈwote ˈhii!
vilo_guest_are_you_jedis,Vilo,Of course no.,av kos no.,"Nie, ni","nie̯, ni",Nie no.,nie̯ no.,Nie ixena. No.,nie̯ ˈiʃena. no.,Ni no.,ni no.
vilo_guest_you_look_realistic,Vilo,Of course we do.,av kos wi du.,Na-gami med,ˈnaɡami med,Med gami do,med ˈɡami du,Ga-mi med yes,ˈɡami med ie̯s,Ga-mo yes we do,ˈɡamo ie̯s wi du
vilo_guest_why_working_on_droids,Vilo,What you think droids just build themselves?,wat ˈiu tink dwoi̯ds dʒast bild ˈdemselvs?,Li banada e djoid po-buma va-ipama li?,li ˈbanada e dʒoi̯d ˈpobuma vaˈipama li?,Li bana e droid just build?,li ˈbana e dwoi̯d dʒast bild?,Li bana e djoid go build?,li ˈbana e dʒoi̯d ɡo bild?,Li bana droids build themselves?,li ˈbana dwoi̯ds bild ˈdemselvs?
vilo_guest_you_look_so_good,Vilo,Bah that's gonna go to Kado's head.,ba dats ˈɡana ɡo tu ˈkados hed.,Ba-bo e biba a Kado,ˈbabo e ˈbiba a ˈkado,Ba-mo ipo Babu head.,ˈbamo ˈipo ˈbabu hed.,Da biba-goda ipo! That gonna go!,da biˈbaɡoda ˈipo! dat ˈɡana ɡo!,Ba moga Kado's head go up!,ba ˈmoɡa ˈkados hed ɡo ap!
vilo_guest_youre_so_small,Vilo,Who you call small? Hmm?,hu ˈiu kol smol? hm?,Li e ba penaga bi? Hmm?,li e ba ˈpenaɡa bi? hmm?,Li e-mi biba Who?,li ˈemi ˈbiba hu?,Bana? Who you?,ˈbana? hu ˈiu?,Li e-va Who you call small?,li ˈeva hu ˈiu kol smol?
vilo_guest_youre_so_tiny,Vilo,Hey we not tiny!,hei̯ wi nat ˈtaini!,"Hei, nie po-bi med!","hei̯, nie̯ ˈpobi med!",Mi bi! Not tiny!,mi bi! nat ˈtaini!,Nie bi mi! We not!,nie̯ bi mi! wi nat!,Nie mi not tiny!,nie̯ mi nat ˈtaini!
vilo_guest_the_force,Vilo,No believe in fairytales. Just work.,no ˈbiliv in ˈfewitei̯ls. dʒast wek.,Nie bana e ixena-nie. Ba bexa.,nie̯ ˈbana e iˈʃenanie̯. ba ˈbeʃa.,Nie migaba a bexa! No fairytales!,nie̯ ˈmiɡaba a ˈbeʃa! no ˈfewitei̯ls!,"Nie miga ixena work, no!","nie̯ ˈmiɡa ˈiʃena wek, no!",Nie miga No believe fairytales. Just work.,nie̯ ˈmiɡa no ˈbiliv ˈfewitei̯ls. dʒast wek.
vilo_guest_look_like_ewoks,Vilo,Bah! We no Ewoks!,ba! wi no ˈewoks!,Ba! Nie med ipo Ewoka,ba! nie̯ med ˈipo ˈewoka,Nie mi Ewoks!,nie̯ mi ˈewoks!,"Nie, med no Ewoks!","nie̯, med no ˈewoks!","Nie, we no Ewoks!","nie̯, wi no ˈewoks!"
vilo_guest_is_that_c3po,Vilo,No TC droid. Much better.,no tk dwoi̯d. matʃ ˈbete.,Nie ketaxi da potokol djoid. Ixenudu.,nie̯ ˈketaʃi da ˈpotokol dʒoi̯d. iˈʃenudu.,Da potokol tumunie! Much better.,da ˈpotokol ˈtumunie̯! matʃ ˈbete.,Nie tumunie! Much better!,nie̯ ˈtumunie̯! matʃ ˈbete!,"Nie, no TC droid. Much better!","nie̯, no tk dwoi̯d. matʃ ˈbete!"
vilo_guest_offers_to_help,Vilo,No not paying you too.,no nat ˈpei̯in ˈiu tu.,"Nie nie, ni ba pama e xo mi-udu.","nie̯ nie̯, ni ba ˈpama e ʃo ˈmiudu.","Nie, ga-no ni mi pay!","nie̯, ˈɡano ni mi pei̯!",Nie gapa no paying,nie̯ ˈɡapa no ˈpei̯in,Nie no not paying you too,nie̯ no nat ˈpei̯in ˈiu tu
vilo_guest_says_goodbye,Vilo,Good they leave. Now we finally get work done.,ɡud dei̯ liv. ˈnau wi faˈinali ɡet wek dan.,Ixena ba bo e va. Bano med dega ga bexa.,ˈiʃena ba bo e va. ˈbano med ˈdeɡa ɡa ˈbeʃa.,Now we finally ba bexa!,ˈnau wi faˈinali ba ˈbeʃa!,Ixena da ba mo. Now we get work.,ˈiʃena da ba mo. ˈnau wi ɡet wek.,Ixena ba madeno. Now we do work!,ˈiʃena ba ˈmadeno. ˈnau wi du wek!
vilo_guest_dont_make_me_leave,Vilo,Gotta stay on schedule.,ˈɡata stei̯ an ˈskedʒul.,Ga gami-pe keditu,ɡa ˈɡamipe ˈkeditu,Ga gami schedule,ɡa ˈɡami ˈskedʒul,Ba gami schedule now,ba ˈɡami ˈskedʒul ˈnau,Gami stay on schedule,ˈɡami stei̯ an ˈskedʒul
vilo_guest_bathroom,Vilo,Not here! Refreshers back there.,nat ˈhii! ˈwefweʃews bak ˈdee.,Nie ked! Bexani ked-ba.,nie̯ ked! ˈbeʃani ˈkedba.,Nie ked! Refreshers!,nie̯ ked! ˈwefweʃews!,Nie ked! Refreshers back,nie̯ ked! ˈwefweʃews bak,Nie here! Refreshers back there.,nie̯ ˈhii! ˈwefweʃews bak ˈdee.
vilo_guest_somebodys_cranky,Vilo,I'm not cranky! Bah! Rude!,ˈaim nat ˈkwanki! ba! wud!,"Nie, ipo ni goda! Aaxe! Gode!","nie̯, ˈipo ni ˈɡoda! ˈaaʃe! ˈɡode!",Nie ipo goda! Bah!,nie̯ ˈipo ˈɡoda! ba!,Nie ipo goda! Bah rude!,nie̯ ˈipo ˈɡoda! ba wud!,"Nie ipo goda! No, rude!","nie̯ ˈipo ˈɡoda! no, wud!"
vilo_guest_youre_not_funny,Vilo,Stop! This work time not joke time.,stap! dis wek ˈtaim nat dʒok ˈtaim.,Nie bani! Ked bexa timad nie tu ni poba-ni timad.,nie̯ ˈbani! ked ˈbeʃa ˈtimad nie̯ tu ni ˈpobani ˈtimad.,Stop! Nie ba bexa bano!,stap! nie̯ ba ˈbeʃa ˈbano!,Nie bani bano! Work time not joke,nie̯ ˈbani ˈbano! wek ˈtaim nat dʒok,Nie ba ba work not joke time!,nie̯ ba ba wek nat dʒok ˈtaim!
vilo_guest_youre_rude,Vilo,You distract us from work! Go!,ˈiu ˈdistwakt as fwam wek! ɡo!,Ba ba-na mi fa bexa! Ba!,ba ˈbana mi fa ˈbeʃa! ba!,E-va ba bexa! Go now!,ˈeva ba ˈbeʃa! ɡo ˈnau!,You distract! Ba nie ba!,ˈiu ˈdistwakt! ba nie̯ ba!,E-va stop! You distract us!,ˈeva stap! ˈiu ˈdistwakt as!
vilo_guest_theyre_ignoring_me,Vilo,They have work to do! Bah!,dei̯ hav wek tu du! ba!,Ba bumani bexa ga! Bah!,ba ˈbumani ˈbeʃa ɡa! bah!,Bexa ba ga! Bah!,ˈbeʃa ba ɡa! ba!,Bexa gami da-po! Bah!,ˈbeʃa ˈɡami ˈdapo! ba!,Ba-ga da bexa! You go work!,ˈbaɡa da ˈbeʃa! ˈiu ɡo wek!
vilo_guest_theyre_aliens,Vilo,What dis your first time seeing species from another planet?,wat dis ˈioo fest ˈtaim ˈsiin ˈspiʃis fwam ˈanade ˈplanat?,Li bano da e-ba xin da speesa a fa anzel no?,li ˈbano da ˈeba ʃin da ˈspeesa a fa ˈansel no?,Li be-va xina ipo djoid fa ka timad? First time?,li ˈbeva ˈʃina ˈipo dʒoi̯d fa ka ˈtimad? fest ˈtaim?,Li ba-mi ipo de ka first time?,li ˈbami ˈipo de ka fest ˈtaim?,Li ba-xina your first time see species from anzel epo?,li ˈbaʃina ˈioo fest ˈtaim si ˈspiʃis fwam ˈansel ˈepo?
vilo_guest_lightsabers,Vilo,Did someone say lightsabers?,did ˈsamwan sei̯ laˈitsabews?,Li da bexame la meded?,li da ˈbeʃame la ˈmeded?,"Li la boken, sabers?","li la ˈboken, ˈsei̯bes?",Li ga lightsabers?,li ɡa laˈitsabews?,La da lightsabers?,la da laˈitsabews?
vilo_guest_theyre_staring,Vilo,Staring at you? You staring at us!,ˈstewin at ˈiu? ˈiu ˈstewin at as!,Li xina e? E-xa xina med?,li ˈʃina e? ˈeʃa ˈʃina med?,Li xina e? You staring!,li ˈʃina e? ˈiu ˈstewin!,Li xina e? You staring at us!,li ˈʃina e? ˈiu ˈstewin at as!,Li xina-ba you staring at us!,li ˈʃinaba ˈiu ˈstewin at as!
vilo_guest_like_your_outfit,Vilo,Just standard outfit for us.,dʒast ˈstanded ˈautfit ˈfoo as.,Da waba ixena a meded,da ˈwaba ˈiʃena a ˈmeded,Da waba ipo standard,da ˈwaba ˈipo ˈstanded,Da waba no standard outfit,da ˈwaba no ˈstanded ˈautfit,ipo-med just standard outfit,ˈipomed dʒast ˈstanded ˈautfit
vilo_guest_like_your_hat,Vilo,My helmet means I'm the one in charge!,ˈmai ˈhelmat mins ˈaim da wan in tʃadʒ!,Da biba ga ipo mi va ke dega,da ˈbiba ɡa ˈipo mi va ke ˈdeɡa,Ga ipo! Ba bomba da biba va,ɡa ˈipo! ba ˈbamba da ˈbiba va,Ra djoid ba vado e-va IPO in charge!,wa dʒoi̯d ba ˈvado ˈeva ˈipo in tʃadʒ!,"Ba-d la mi, I am the one in charge!","ba.d la mi, ˈai am da wan in tʃadʒ!"
vilo_guest_what_time_is_it,Vilo,Sundown later.,ˈsandaun ˈlei̯te.,Beded bo bed.,ˈbeded bo bed.,Ba-no beda! Sundown.,ˈbano ˈbeda! ˈsandaun.,Bad sundown!,bad ˈsandaun!,Ba-mo sundown later,ˈbamo ˈsandaun ˈlei̯te
vilo_guest_im_hungry,Vilo,Somebody out there hungry. Then go eat!,ˈsambadi ˈaut ˈdee ˈhanɡwi. den ɡo it!,Ket ked tuva. Ba pela!,ket ked ˈtuva. ba ˈpela!,Ket-ed ked bo ipama! Then go!,ˈketed ked bo ˈipama! den ɡo!,Somebody hungry! Ba moga eat!,ˈsambadi ˈhanɡwi! ba ˈmoɡa it!,Ked ud Somebody out there hungry. Then go eat!,ked ud ˈsambadi ˈaut ˈdee ˈhanɡwi. den ɡo it!
vilo_guest_my_feet_hurt,Vilo,Feet hurt? You need better boots. Yes.,fit het? ˈiu nid ˈbete buts. ie̯s.,Godi li panda? E gami ixen bebi wabad. Nad.,ˈɡodi li ˈpanda? e ˈɡami ˈiʃen ˈbebi ˈwabad. nad.,Po-djoid godi-li? You need boots!,ˈpodʒoi̯d ˈɡodili? ˈiu nid buts!,Migaba ixena bexad! Feet hurt?,ˈmiɡaba ˈiʃena ˈbeʃad! fit het?,Godi ipo-va? You need better boots. Nad.,ˈɡodi ˈipova? ˈiu nid ˈbete buts. nad.
vilo_guest_can_you_hear_me,Vilo,Yes. You loud!,ie̯s. ˈiu ˈlaud!,Nad. E bexa!,nad. e ˈbeʃa!,E-va loud!,ˈeva ˈlaud!,E-va loud! Nad.,ˈeva ˈlaud! nad.,Nad you loud!,nad ˈiu ˈlaud!
vilo_guest_how_do_you_understand,Vilo,We have ears under these helmets ya know.,wi hav is ˈande dis ˈhelmats ˈia no.,"Buma med hen a da hemet, ya-hei.","ˈbuma med hen a da ˈhemet, ˈiahei̯.","Buma med hen a ta kapa, ya know.","ˈbuma med hen a ta ˈkapa, ˈia no.","We have ears, hen a ta kapa waba, ya know","wi hav is, hen a ta ˈkapa ˈwaba, ˈia no","Buma med, ears under helmets ya know!","ˈbuma med, is ˈande ˈhelmats ˈia no!"
vilo_guest_how_speak_english,Vilo,Your language easy to learn.,ˈioo ˈlanɡwadʒ ˈisi tu len.,Da kala abo ba-le bano,da ˈkala ˈabo ˈbale ˈbano,Bana abo easy,ˈbana ˈabo ˈisi,Bana abo! Easy learn!,ˈbana ˈabo! ˈisi len!,Ka easy to learn,ka ˈisi tu len
vilo_guest_why_are_they_arguing,Vilo,No no. We collaborating.,no no. wi kalaˈbeei̯tin.,Nie nie. Med bexamo,nie̯ nie̯. med ˈbeʃamo,Nie nie. Collaborating,nie̯ nie̯. kalaˈbeei̯tin,Med bexame! We collaborating.,med ˈbeʃame! wi kalaˈbeei̯tin.,Nie nie. We collaborating.,nie̯ nie̯. wi kalaˈbeei̯tin.
vilo_guest_what_happens_if_i_say_something,Vilo,You distract workers! We busy!,ˈiu ˈdistwakt ˈwekes! wi ˈbisi!,E po-wabad bane! Med bexa!,e ˈpowabad ˈbane! med ˈbeʃa!,E-va la bexa! We busy!,ˈeva la ˈbeʃa! wi ˈbisi!,E ba po-bexa! Workers busy!,e ba ˈpobeʃa! ˈwekes ˈbisi!,E-va workers busy!,ˈeva ˈwekes ˈbisi!
vilo_guest_wonder_if_friends,Vilo,No friends here. Coworkers.,no fwends ˈhii. ˈkowekes.,Nie ket mikeme ked. Nixeni bexami.,nie̯ ket ˈmikeme ked. ˈniʃeni ˈbeʃami.,Nie ked-pa coworkers,nie̯ ˈkedpa ˈkowekes,Nie ked-ba! Coworkers here.,nie̯ ˈkedba! ˈkowekes ˈhii.,"Nie friends no, coworkers","nie̯ fwends no, ˈkowekes"
vilo_guest_i_think_i_interrupted,Vilo,Bah you interrupt! We trying to work!,ba ˈiu ˈinteapt! wi ˈtwaiin tu wek!,Nie ba la ba! Med bexamo!,nie̯ ba la ba! med ˈbeʃamo!,Nie ba la! We trying!,nie̯ ba la! wi ˈtwaiin!,Nie ba la! We trying work!,nie̯ ba la! wi ˈtwaiin wek!,Nie ba la we interrupt! We trying work!,nie̯ ba la wi ˈinteapt! wi ˈtwaiin wek!
vilo_guest_they_interrupted_me,Vilo,We working! More important.,wi ˈwekin! ˈmoo ˈimpotant.,Bexa-mo med! Ike ud.,ˈbeʃamo med! ˈike ud.,Ga-mo med bexa! Important!,ˈɡamo med ˈbeʃa! ˈimpotant!,Ga mo med! More important.,ɡa mo med! ˈmoo ˈimpotant.,Bexa-mo work more important,ˈbeʃamo wek ˈmoo ˈimpotant
vilo_guest_could_watch_all_day,Vilo,Vilo hope you have better things to do.,ˈvilo hop ˈiu hav ˈbete tins tu du.,Vilu miga-ba ga ixenudu bexa,ˈvilu ˈmiɡaba ɡa iˈʃenudu ˈbeʃa,Vilu bama bexani ba gimade better things,ˈvilu ˈbama ˈbeʃani ba ˈɡimade ˈbete tins,"Vilu miga bexani, hope good things.","ˈvilu ˈmiɡa ˈbeʃani, hop ɡud tins.",Vilu miga you have better things do,ˈvilu ˈmiɡa ˈiu hav ˈbete tins du
vilo_guest_how_long_does_this_go_on,Vilo,Until work day over.,ˈantil wek dei̯ ˈove.,Be bexa bed-no,be ˈbeʃa ˈbedno,Ba bexa over,ba ˈbeʃa ˈove,Bo bexa day over,bo ˈbeʃa dei̯ ˈove,Ba bexa day over,ba ˈbeʃa dei̯ ˈove
vilo_guest_thats_my_favorite,Vilo,Bah who cares about favorites.,ba hu kes ˈabaut ˈfei̯vei̯ts.,"Ba-mo mi, ni pilaxi po-va bana-nie!","ˈbamo mi, ni ˈpilaʃi ˈpova ˈbananie̯!","Nie, ga-no po-bana who","nie̯, ˈɡano ˈpobana hu",Nie ga miga favorites!,nie̯ ɡa ˈmiɡa ˈfei̯vei̯ts!,Nie ba miga who cares favorite,nie̯ ba ˈmiɡa hu kes ˈfei̯vei̯t
vilo_guest_workstations_messy,Vilo,Why don't you fix droids and keep station clean.,ˈwai dont ˈiu fiks dwoi̯ds and kip ˈstei̯ʃan klin.,Li ni ba moga ed djoid le ba bexa ta staxon,li ni ba ˈmoɡa ed dʒoi̯d le ba ˈbeʃa ta ˈstaʃon,"Ba moga da djoid, keep station clean","ba ˈmoɡa da dʒoi̯d, kip ˈstei̯ʃan klin","Ba moga da djoid! Station clean, please!","ba ˈmoɡa da dʒoi̯d! ˈstei̯ʃan klin, plis!",Li nie ba moga the droids not clean station,li nie̯ ba ˈmoɡa da dwoi̯ds nat klin ˈstei̯ʃan
vilo_guest_starfighter,Vilo,Keep hearing about this new starfighter.,kip ˈhiwin ˈabaut dis nu stawˈfaitew.,Ba hena moj ta sin fuja,ba ˈhena modʒ ta sin ˈfudʒa,"Ipo ga-mi, new starfighter.","ˈipo ˈɡami, nu stawˈfaitew.",Li hena mi ga-mo new starfighter,li ˈhena mi ˈɡamo nu stawˈfaitew,Li hena mi keep hearing new starfighter,li ˈhena mi kip ˈhiwin nu stawˈfaitew
vilo_guest_lots_of_guests,Vilo,So many people. So many distractions.,so ˈmeni ˈpipal. so ˈmeni ˈdistwakʃans.,Med ud-anzabi. Med ud-bana-nie.,med uˈdansabi. med udˈbananie̯.,"Udu dona, udu kixa. Many distractions!","ˈudu ˈdona, ˈudu ˈkiʃa. ˈmeni ˈdistwakʃans!",Ud bana da manya. So many people!,ud ˈbana da ˈmania. so ˈmeni ˈpipal!,"Ud da people, so many distractions.","ud da ˈpipal, so ˈmeni ˈdistwakʃans."
vilo_guest_only_one_person,Vilo,Small crowd. No distractions. Good.,smol ˈkwaud. no ˈdistwakʃans. ɡud.,Bi dada. Nie bananie. Ixena.,bi ˈdada. nie̯ ˈbananie̯. ˈiʃena.,Bi tumunie. Good.,bi ˈtumunie̯. ɡud.,Small crowd! Ixena good.,smol ˈkwaud! ˈiʃena ɡud.,Bi djoid. No distractions. Good.,bi dʒoi̯d. no ˈdistwakʃans. ɡud.
vilo_guest_adult_crying,Vilo,Someone had a bad day at the Sabacc table.,ˈsamwan had a bad dei̯ at da ˈsabakk ˈtei̯bal.,Ga-no ka bad bed a ta Sabacc tabla,ˈɡano ka bad bed a ta ˈsabakk ˈtabla,Bad day! Da ke boken taba,bad dei̯! da ke ˈboken ˈtaba,Day bad at Sabacc! Ga-no ipo,dei̯ bad at ˈsabakk! ˈɡano ˈipo,Ipo bed bad at table Sabacc someone bad day!,ˈipo bed bad at ˈtei̯bal ˈsabakk ˈsamwan bad dei̯!
vilo_guest_yawning,Vilo,Look like they're getting tired.,luk ˈlaik ˈdee ˈɡetin ˈtaie̯d.,Ba mo ipo uniebe,ba mo ˈipo ˈunie̯be,Po-ipo bano tired,ˈpoipo ˈbano ˈtaie̯d,Li ipo tired?,li ˈipo ˈtaie̯d?,Niemo they look tired,ˈnie̯mo dei̯ luk ˈtaie̯d
vilo_guest_mohawk,Vilo,Hmmmm. Your head all spikey spikey.,hmmmm. ˈioo hed ol ˈspikei̯ ˈspikei̯.,Hmmmm. E-va biba be-be bi,hmmmm. ˈeva ˈbiba ˈbebe bi,"E-va biba, spikey spikey.","ˈeva ˈbiba, ˈspikei̯ ˈspikei̯.",E-va biba Xe Xe. Your head spikey.,ˈeva ˈbiba ʃe ʃe. ˈioo hed ˈspikei̯.,Da biba po-fos your head spikey spikey!,da ˈbiba ˈpofos ˈioo hed ˈspikei̯ ˈspikei̯!
vilo_guest_haircut,Vilo,Look they wear hair on head in strange ways.,luk dei̯ ˈwee ˈhee an hed in stwei̯ndʒ wei̯s.,Xina da bana-xi ta biba a djoid a koko mi,ˈʃina da ˈbanaʃi ta ˈbiba a dʒoi̯d a ˈkoko mi,Strange ways! Ba xina ta biba a djoid-po,stwei̯ndʒ wei̯s! ba ˈʃina ta ˈbiba a ˈdʒoi̯dpo,"Ba xina da biba ke, they wear hair","ba ˈʃina da ˈbiba ke, dei̯ ˈwee ˈhee",Ba xina they wear hair on head strange ways,ba ˈʃina dei̯ ˈwee ˈhee an hed stwei̯ndʒ wei̯s
vilo_guest_lightsaber_unsheathed,Vilo,Ooh a lightsaber! Very rare.,u a laˈitsabew! ˈvewi ˈwee.,Aaxe da sabesa! R-rexena!,ˈaaʃe da ˈsabesa! ˈwweksena!,Xina nad da mede!,ˈʃina nad da ˈmede!,Aabo da mede! Very rare.,ˈaabo da ˈmede! ˈvewi ˈwee.,Aaxe lightsaber very rare!,ˈaaʃe laˈitsabew ˈvewi ˈwee!
vilo_guest_lightsaber_sheathed,Vilo,Wow! So dangerous! Careful!,ˈwau! so ˈdei̯ndʒeas! ˈkefal!,Ya-hei! Ipipo kitepe! Xiba-po biba boken!,ˈiahei̯! ˈipipo ˈkitepe! ˈʃibapo ˈbiba ˈboken!,Hena kitepe! Careful!,ˈhena ˈkitepe! ˈkefal!,Hena kitepe! So dangerous!,ˈhena ˈkitepe! so ˈdei̯ndʒeas!,Ya-hei! So dangerous! Careful!,ˈiahei̯! so ˈdei̯ndʒeas! ˈkefal!
vilo_guest_drinking,Vilo,Somebody's been to the hydrator.,ˈsambadis bin tu da ˈhidwatow.,Ba-mo ipo da hydrator,ˈbamo ˈipo da ˈhidwatow,Ba-mo da ipo hydrator,ˈbamo da ˈipo ˈhidwatow,Ga-no ba hidrata. Somebody been.,ˈɡano ba ˈhidwata. ˈsambadi bin.,Ked ba somebody been to hydrator!,ked ba ˈsambadi bin tu ˈhidwatow!
vilo_guest_eating_chips,Vilo,Gah! Why you crunch food so loud?,ɡah! ˈwai ˈiu kwantʃ fud so ˈlaud?,Ga-no mi da e-va biba po-FOOD tixabe?,ˈɡano mi da ˈeva ˈbiba ˈpofood ˈtiʃabe?,Ga ni gima crunch food so loud!,ɡa ni ˈɡima kwantʃ fud so ˈlaud!,"Godi-no e, mi ga-no crunch food!","ˈɡodino e, mi ˈɡano kwantʃ fud!",Aaxe! Why you crunch food so loud?,ˈaaʃe! ˈwai ˈiu kwantʃ fud so ˈlaud?
vilo_guest_anzellan_on_clothing,Vilo,Anzellans not us on clothing. Must be Babu.,ˈansellans nat as an ˈklodin. mast bi ˈbabu.,Nie med a anzel po-ka bane. Gami ked Babu.,nie̯ med a ˈansel ˈpoka ˈbane. ˈɡami ked ˈbabu.,Nie anzabi ixena! Must Babu.,nie̯ ˈansabi ˈiʃena! mast ˈbabu.,"Med bana-nie, must be Babu.","med ˈbananie̯, mast bi ˈbabu.",Nie ixena anzabi a lifa. Must be Babu.,nie̯ ˈiʃena ˈansabi a ˈlifa. mast bi ˈbabu.
vilo_guest_journalist_questions,Vilo,You ask so many questions sheesh.,ˈiu ask so ˈmeni ˈkwestʃans ʃiʃ.,"Li e lali-ud, aaxe!","li e ˈlaliud, ˈaaʃe!","Li da e lali po-tabo, sheesh!","li da e ˈlali ˈpotabo, ʃiʃ!",Li la-no da lali! Sheesh.,li ˈlano da ˈlali! ʃiʃ.,Ta djoid no ask so many,ta dʒoi̯d no ask so ˈmeni
vilo_guest_asks_name,Vilo,Me Vilo. This Kado and Vilo. Hmph. What your name?,mi ˈvilo. dis ˈkado and ˈvilo. hmf. wat ˈioo nei̯m?,Mi Vilu. Ked-ka Kado le Vilu. Hm. Li da gami a e?,mi ˈvilu. ˈkedka ˈkado le ˈvilu. hm. li da ˈɡami a e?,Mi ipo Vilu. Ked-ba ka Kado. What name?,mi ˈipo ˈvilu. ˈkedba ka ˈkado. wat nei̯m?,Mi ipo Vilu. What your name?,mi ˈipo ˈvilu. wat ˈioo nei̯m?,Mi Vilu. What your name you?,mi ˈvilu. wat ˈioo nei̯m ˈiu?
vilo_guest_asks_world,Vilo,Our world called Corellia. And where you from exactly?,ˈaue weld kold koˈwellia. and ˈwee ˈiu fwam ˈiɡsaktli?,"Da timad pena-no Corellia. Le fa e, li ga-no fa?","da ˈtimad ˈpenano koˈwellia. le fa e, li ˈɡano fa?",Corellia da timad med. Where you from?,koˈwellia da ˈtimad med. ˈwee ˈiu fwam?,Ket ta med anzel. Where you from?,ket ta med ˈansel. ˈwee ˈiu fwam?,Da meded Corellia. Where you from exactly?,da ˈmeded koˈwellia. ˈwee ˈiu fwam ˈiɡsaktli?
vilo_guest_asks_species,Vilo,We Anzellan. You interesting looking. What your species called?,wi ˈansellan. ˈiu ˈintwastin ˈlukin. wat ˈioo ˈspiʃis kold?,Med Anzel. E xin ixena. Li da species pana?,med ˈansel. e ʃin ˈiʃena. li da ˈspiʃis ˈpana?,"You interesting! Med anzellan, li penaga?","ˈiu ˈintwastin! med ˈansellan, li ˈpenaɡa?",You interesting! Med Anzellan. What species call?,ˈiu ˈintwastin! med ˈansellan. wat ˈspiʃis kol?,Med anzeban. What your species called?,med ˈanseban. wat ˈioo ˈspiʃis kold?
vilo_guest_what_doing,Vilo,"We fix droids of course. You no have droids, so why YOU here?","wi fiks dwoi̯ds av kos. ˈiu no hav dwoi̯ds, so ˈwai ˈiu ˈhii?","Ba moga e djoid dega. Ni buma e djoid, le li e-va ked?","ba ˈmoɡa e dʒoi̯d ˈdeɡa. ni ˈbuma e dʒoi̯d, le li ˈeva ked?","Med ba moga djoid, dega. You no have droids?","med ba ˈmoɡa dʒoi̯d, ˈdeɡa. ˈiu no hav dwoi̯ds?","Nie mi buma djoids! Med ba moga, dega.","nie̯ mi ˈbuma dʒoi̯ds! med ba ˈmoɡa, ˈdeɡa.","Ba moga djoid! You no have droids, so why you here?","ba ˈmoɡa dʒoi̯d! ˈiu no hav dwoi̯ds, so ˈwai ˈiu ˈhii?"
vilo_guest_knows_luke,Vilo,Never heard of 'em.,ˈneve hed av 'em.,Nie hena-no ni-po,nie̯ ˈhenano ˈnipo,Ni hena-nie mi! Heard!,ni ˈhenanie̯ mi! hed!,"Nie hena-no, never heard","nie̯ ˈhenano, ˈneve hed",Nie! Never heard,nie̯! ˈneve hed
vilo_guest_knows_vader,Vilo,Hm. Strange name. Never heard.,hm. stwei̯ndʒ nei̯m. ˈneve hed.,Hm. Bana daxeba. Niemo hena!,hm. ˈbana ˈdaʃeba. ˈnie̯mo ˈhena!,Ga-no banada da kena. Strange!,ˈɡano ˈbanada da ˈkena. stwei̯ndʒ!,Ked bana. Never heard.,ked ˈbana. ˈneve hed.,Niemo no hear name strange!,ˈnie̯mo no ˈhii nei̯m stwei̯ndʒ!
vilo_guest_looking_at_them,Vilo,"Well, you standing right here. What you want?","wel, ˈiu ˈstandin ˈwait ˈhii. wat ˈiu want?","Adega, e ba-mo ked. Li miga e?","ˈadeɡa, e ˈbamo ked. li ˈmiɡa e?",E po ipo ked dadjoid What want?,e po ˈipo ked ˈdadʒoi̯d wat want?,E ipo. What you want?,e ˈipo. wat ˈiu want?,E ipo ked bano. What you want?,e ˈipo ked ˈbano. wat ˈiu want?
vilo_guest_asks_fun,Vilo,"It no fun time, it work time!","it no fan ˈtaim, it wek ˈtaim!","Nie ked pika, ked bexa timad!","nie̯ ked ˈpika, ked ˈbeʃa ˈtimad!",Nie bano! Work time!,nie̯ ˈbano! wek ˈtaim!,"Nie po funa, work time!","nie̯ po ˈfuna, wek ˈtaim!","Nie tibana, time to work!","nie̯ ˈtibana, ˈtaim tu wek!"
vilo_guest_asks_for_droid,Vilo,Bah! Droid no free! You got credits?,ba! dwoi̯d no fwi! ˈiu ɡat ˈkwedits?,Ba! Djoid nie tumunie! E gapa keditu?,ba! dʒoi̯d nie̯ ˈtumunie̯! e ˈɡapa ˈkeditu?,Djoid no free! Mi gapa keditu?,dʒoi̯d no fwi! mi ˈɡapa ˈkeditu?,Ba! Tumunie djoid! You got credits?,ba! ˈtumunie̯ dʒoi̯d! ˈiu ɡat ˈkwedits?,Nie ba djoid no free You got credits?,nie̯ ba dʒoi̯d no fwi ˈiu ɡat ˈkwedits?
vilo_get_repair_done,Vilo,Get that repair done before end of shift you two!,ɡet dat ˈwipee dan ˈbifoo end av ʃift ˈiu tu!,Ba moga ked-ba ga-no bima po-e-va bano!,ba ˈmoɡa ˈkedba ˈɡano ˈbima ˈpoeva ˈbano!,Ba moga-da ked bano! Two you!,ba ˈmoɡada ked ˈbano! tu ˈiu!,Ba moga da med-po bago now fix!,ba ˈmoɡa da ˈmedpo ˈbaɡo ˈnau fiks!,"Ba moga You two, finish repair before shift end!","ba ˈmoɡa ˈiu tu, ˈfiniʃ ˈwipee ˈbifoo ʃift end!"
vilo_lots_of_droids_to_fix,Vilo,Lots of droids to fix. But we can do it.,lats av dwoi̯ds tu fiks. bat wi kan du it.,Djoid-ud ba-mo moga. Le med gami ga.,ˈdʒoi̯dud ˈbamo ˈmoɡa. le med ˈɡami ɡa.,Tumu de djoid ba moga. We can!,ˈtumu de dʒoi̯d ba ˈmoɡa. wi kan!,Tumu djoid ud! We can do it.,ˈtumu dʒoi̯d ud! wi kan du it.,Djoid-ud to fix. But we can do it.,ˈdʒoi̯dud tu fiks. bat wi kan du it.
vilo_ah_i_see,Vilo,Ah. I see.,a. ˈai si.,Aha. Xina mi.,ˈaha. ˈʃina mi.,Xina ipo. I see.,ˈʃina ˈipo. ˈai si.,Xina ipo. Ah.,ˈʃina ˈipo. a.,Xina mi see it,ˈʃina mi si it
vilo_thats_the_way_it_goes,Vilo,Well. That's the way it goes.,wel. dats da wei̯ it ɡos.,Ked-ba ba,ˈkedba ba,Ked-ba ga go way,ˈkedba ɡa ɡo wei̯,"Ba mo go, like that!","ba mo ɡo, ˈlaik dat!",Ked-ba that go way,ˈkedba dat ɡo wei̯
vilo_figures,Vilo,Figures.,ˈfiɡie̯s.,Ga-ta,ˈɡata,"Pobem, be-no. problem done","ˈpobem, ˈbeno. ˈpwablam dan",Bexani! Figures!,ˈbeʃani! ˈfiɡie̯s!,Pobem no!,ˈpobem no!
vilo_not_surprised,Vilo,Not surprised.,nat ˈsepwaisd.,Nie poa-xiba,nie̯ poˈaʃiba,Nie bama-no not surprise,nie̯ ˈbamano nat ˈsepwais,Nie goda NOT!,nie̯ ˈɡoda nat!,Iyipago not surprised!,iiˈipaɡo nat ˈsepwaisd!
vilo_mm_hmm,Vilo,Mm-hmm.,mmhmm.,aaxe,ˈaaʃe,Na-nad mm-hmm,ˈnanad mmhmm,Na-nad Mm-hmm,ˈnanad mmhmm,nad mm-hmm,nad mmhmm
vilo_sure_sure,Vilo,Sure. Sure.,ˈʃuu. ˈʃuu.,"Na-nad, na-nad.","ˈnanad, ˈnanad.",Nad sure,nad ˈʃuu,Nad sure.,nad ˈʃuu.,"Nad, sure sure.","nad, ˈʃuu ˈʃuu."
vilo_go_on,Vilo,Go on.,ɡo an.,Ba,ba,Ba on,ba an,Ba on,ba an,Ba go on,ba ɡo an
vilo_thats_something,Vilo,Well. That's something.,wel. dats ˈsamtin.,Axe. Ked-ba ka.,ˈaʃe. ˈkedba ka.,La. Something.,la. ˈsamtin.,Ked-ba something.,ˈkedba ˈsamtin.,Ked-ba Something.,ˈkedba ˈsamtin.
vilo_noted,Vilo,Noted.,ˈnotad.,ga-no dega-mi-e,ˈɡano deˈɡamie,"Ga-no la, noted!","ˈɡano la, ˈnotad!",Ga-mo mi dega! Noted.,ˈɡamo mi ˈdeɡa! ˈnotad.,"Dega-mi-e, noted!","deˈɡamie, ˈnotad!"
vilo_fine_fine,Vilo,Fine. Fine.,ˈfain. ˈfain.,Ixena. Ixena.,ˈiʃena. ˈiʃena.,Ixena good!,ˈiʃena ɡud!,Ixena! Fine.,ˈiʃena! ˈfain.,"Ixena fine, fine!","ˈiʃena ˈfain, ˈfain!"
vilo_could_be_worse,Vilo,Could be worse.,kud bi wes.,Ba-ta nixena,ˈbata ˈniʃena,Ipo ni worse,ˈipo ni wes,Nie boken! Could worse,nie̯ ˈboken! kud wes,Ni bixena worse!,ni ˈbiʃena wes!
vilo_nope,Vilo,Nope.,nop.,nie,nie̯,Nie nope,nie̯ nop,Nie nope,nie̯ nop,Nie nope,nie̯ nop
vilo_dont_ask_me,Vilo,Don't ask me.,dont ask mi.,Nie ba lali mi!,nie̯ ba ˈlali mi!,Nie ba lali me no!,nie̯ ba ˈlali mi no!,Nie la ask me,nie̯ la ask mi,Nie ba la ask me!,nie̯ ba la ask mi!
vilo_glad_we_got_that_done,Vilo,Glad we got that done.,ɡlad wi ɡat dat dan.,Ipo degagamie ba-no ga ta bexa,ˈipo deˈɡaɡamie̯ ˈbano ɡa ta ˈbeʃa,Ga buma po-ta done!,ɡa ˈbuma ˈpota dan!,"Nad, done!","nad, dan!",Ba gado we get done!,ba ˈɡado wi ɡet dan!
vilo_pretty_good_work_yesterday,Vilo,Pretty good work yesterday.,ˈpwiti ɡud wek ˈie̯stedei̯.,Ixena momo bexa da bed-no,ˈiʃena ˈmomo ˈbeʃa da ˈbedno,Bexa ixena good,ˈbeʃa ˈiʃena ɡud,Iy ixena! Good work!,ˈii ˈiʃena! ɡud wek!,Ixena good work yesterday,ˈiʃena ɡud wek ˈie̯stedei̯
vilo_its_done_move_on,Vilo,It's done. Move on.,its dan. muv an.,Ga-no. Ba ba mi-va.,ˈɡano. ba ba ˈmiva.,Ga done. Move on.,ɡa dan. muv an.,Ipo degem! Move on.,ˈipo ˈdeɡem! muv an.,Momo. Move on.,ˈmomo. muv an.
vilo_stop_talking_and_start,Vilo,Things go faster if you start.,tins ɡo ˈfaste if ˈiu stat.,Ga miga limo ba saba e-va,ɡa ˈmiɡa ˈlimo ba ˈsaba ˈeva,Ga ba gimade ni e-ba start,ɡa ba ˈɡimade ni ˈeba stat,"Ba gima, start now","ba ˈɡima, stat ˈnau",Ba gimade-po you start go!,ba ɡiˈmadepo ˈiu stat ɡo!
vilo_start_anywhere,Vilo,Start anywhere. Doesn't matter.,stat eˈniwee. ˈdasant ˈmate.,Ba kadi. Ni bexani!,ba ˈkadi. ni ˈbeʃani!,Ba moga a-ka. Matter!,ba ˈmoɡa ˈaka. ˈmate!,"Nie, doesn't matter. Ba mad!","nie̯, ˈdasant ˈmate. ba mad!",Ba mada. No matter!,ba ˈmada. no ˈmate!
vilo_just_have_to_get_through_it,Vilo,Just have to get through it.,dʒast hav tu ɡet twu it.,Gami mi ga tupu ta ipo.,ˈɡami mi ɡa ˈtupu ta ˈipo.,Gami mi ba mo get through!,ˈɡami mi ba mo ɡet twu!,Ga-moga mi just have to,ˈɡamoɡa mi dʒast hav tu,Mi gami get through it,mi ˈɡami ɡet twu it
vilo_needed_rest_didnt_get_it,Vilo,I needed the rest. Didn't get it.,ˈai ˈnidad da west. ˈdidant ɡet it.,Migaba-no mi da tibana. Nie gapa-no ipo.,miˈɡabano mi da ˈtibana. nie̯ ˈɡapano ˈipo.,Migaba mi ud bana-d. No get!,ˈmiɡaba mi ud ˈbanad. no ɡet!,Migaba ta banada be. No get it.,ˈmiɡaba ta ˈbanada be. no ɡet it.,Migaba-no mi no get rest,miˈɡabano mi no ɡet west
vilo_good_call,Vilo,Good call.,ɡud kol.,Penaga ixena,ˈpenaɡa ˈiʃena,Ked ixena! Good!,ked ˈiʃena! ɡud!,Ked good,ked ɡud,pena good call,ˈpena ɡud kol
vilo_something_feels_off,Vilo,Something feels off today.,ˈsamtin fils of ˈtadei̯.,Ket da nipo waia bed bano,ket da ˈnipo ˈwaia bed ˈbano,Ba po pila xi-ni off,ba po ˈpila ˈʃini of,Ked muba off today,ked ˈmuba of ˈtadei̯,Tumunie something feels off,ˈtumunie̯ ˈsamtin fils of
vilo_what_was_it,Vilo,What was it.,wat was it.,Li ga-no ipo,li ˈɡano ˈipo,Li ga what?,li ɡa wat?,Li ga? What it?,li ɡa? wat it?,Li what was,li wat was
vilo_long_morning_prep,Vilo,Someone should have done their prep.,ˈsamwan ʃud hav dan ˈdee pwep.,Gami-pe-no ka ga a bana,ɡaˈmipeno ka ɡa a ˈbana,Ka pena-bexa! Must done.,ka peˈnabeʃa! mast dan.,Da prep! Gami-pe-no!,da pwep! ɡaˈmipeno!,Gami-no ga do their prep,ˈɡamino ɡa du ˈdee pwep
vilo_define_almost,Vilo,"Define ""almost.""","ˈdifain ""ˈolmost.""",La lali a 'almost'.,la ˈlali a 'ˈalmost'.,Li be almost?,li be ˈolmost?,Li almost?,li ˈolmost?,Ba be-li? almost,ba ˈbeli? ˈolmost
vilo_ive_had_worse_days,Vilo,I've had worse days.,ˈaiv had wes dei̯s.,Buma mi bedad nixena bed,ˈbuma mi ˈbedad ˈniʃena bed,Ga-no med nixena worse,ˈɡano med ˈniʃena wes,Bumed bed. Worse days.,ˈbumed bed. wes dei̯s.,Bed imada no good day,bed ˈimada no ɡud dei̯
vilo_jibu_new_schematics,Vilo,Jibu you see new schematics I just send you?,ˈdʒibu ˈiu si nu ˈskimatiks ˈai dʒast send ˈiu?,"Li xina e ka tigaptana po-mi, ga-no bamo a mi po-e?","li ˈʃina e ka tiˈɡaptana ˈpomi, ˈɡano ˈbamo a mi ˈpoe?","Jibu! Li xina ka tigaptana, just send you?","ˈdʒibu! li ˈʃina ka tiˈɡaptana, dʒast send ˈiu?","Jibu li xina da yangi, I just send you?","ˈdʒibu li ˈʃina da ˈiani, ˈai dʒast send ˈiu?",Jibu li new schematics I just send you?,ˈdʒibu li nu ˈskimatiks ˈai dʒast send ˈiu?
vilo_kado_r2_frames,Vilo,Kado you weld new frames for new R2s yet?,ˈkado ˈiu weld nu fwei̯ms ˈfoo nu ws ie̯t?,"Li ba mo e gapa da de dona a da hari R2-va, ni bano?","li ba mo e ˈɡapa da de ˈdona a da ˈhawi wva, ni ˈbano?","Ba moga bexa be R2, Kado yet?","ba ˈmoɡa ˈbeʃa be ˈaa2, ˈkado ie̯t?",Ba fista da bama! Kado new frames yet?,ba ˈfista da ˈbama! ˈkado nu fwei̯ms ie̯t?,Kado e ba weld new frames for new R2s yet?,ˈkado e ba weld nu fwei̯ms ˈfoo nu ws ie̯t?
vilo_coords_already_sent,Vilo,They no sent yet? I send you coordinates already.,dei̯ no sent ie̯t? ˈai send ˈiu koˈodanats ˈolwedi.,Li ga-no ni paga bo? Ga bano mi pama e-koordi,li ˈɡano ni ˈpaɡa bo? ɡa ˈbano mi ˈpama ˈekuwdi,"Ni ba gade-no e mi, bano! Sent yet?","ni ba ˈɡadeno e mi, ˈbano! sent ie̯t?",Nie ga-no ba bama-po ked bano! I send you coordinates,nie̯ ˈɡano ba ˈbamapo ked ˈbano! ˈai send ˈiu koˈodanats,Nie ba ba no sent yet? I send you coords.,nie̯ ba ba no sent ie̯t? ˈai send ˈiu kuwds.
vilo_alright_sending_coords,Vilo,Alright alright.,ˈolwait ˈolwait.,aaxe aaxe,ˈaaʃe ˈaaʃe,Nad nad! alright!,nad nad! ˈolwait!,Aaxe alright!,ˈaaʃe ˈolwait!,"Na-nad, alright alright","ˈnanad, ˈolwait ˈolwait"
vilo_new_shipment_orders,Vilo,New shipment orders coming in. Get ready you two.,nu ˈʃipmant ˈodes ˈkamin in. ɡet ˈwedi ˈiu tu.,Ba-mo banada da bama-ta. E-va ta ka-va ba gata.,ˈbamo ˈbanada da ˈbamata. ˈeva ta ˈkava ba ˈɡata.,New orders come. E-va bada keleta!,nu ˈodes kam. ˈeva ˈbada ˈkeleta!,New shipment! Ga-mo pena-bexa mip po-ed,nu ˈʃipmant! ˈɡamo peˈnabeʃa mip ˈpoed,"Ba-mo e-va, new shipment orders coming in","ˈbamo ˈeva, nu ˈʃipmant ˈodes ˈkamin in"
vilo_lost_credits_fathier,Vilo,I do not want to talk about it. Lost much credits on that.,ˈai du nat want tu tok ˈabaut it. lost matʃ ˈkwedits an dat.,Nie miga-no mi pena a ipo. Bumani-no ud keditu a da ked-ba.,nie̯ ˈmiɡano mi ˈpena a ˈipo. buˈmanino ud ˈkeditu a da ˈkedba.,Nie miga-mi pena a ipo. Lost much credits.,nie̯ ˈmiɡami ˈpena a ˈipo. lost matʃ ˈkwedits.,Nie miga mi pena e. Lost much credits on that.,nie̯ ˈmiɡa mi ˈpena e. lost matʃ ˈkwedits an dat.,Nie miga mi. I lost many credits on that.,nie̯ ˈmiɡa mi. ˈai lost ˈmeni ˈkwedits an dat.
vilo_almost_crushed_by_bantha,Vilo,Almost got crushed by a Bantha yesterday.,ˈolmost ɡat kwaʃt ˈbai a ˈbanta ˈie̯stedei̯.,Ga-no mi kisa po-BANTHA bed.,ˈɡano mi ˈkisa ˈpobantha bed.,Ni bano Bantha! Ga-po makina bano,ni ˈbano ˈbanta! ˈɡapo ˈmakina ˈbano,Ga-no mi noz Bantha almost crush,ˈɡano mi nos ˈbanta ˈolmost kwaʃ,Ba-nie mo almost got crushed by Bantha,ˈbanie̯ mo ˈolmost ɡat kwaʃt ˈbai ˈbanta
vilo_bantha_watch_where_going,Vilo,Bantha need to watch where it going!,ˈbanta nid tu watʃ ˈwee it ɡoi̯n!,Migaba bantha ipo xina li ba ipo,ˈmiɡaba ˈbantha ˈipo ˈʃina li ba ˈipo,"Bantha xo ked ba-mo, watch going!","ˈbantha ʃo ked ˈbamo, watʃ ɡoi̯n!","Li ba-mo ipo, bantha! Watch where going!","li ˈbamo ˈipo, ˈbantha! watʃ ˈwee ɡoi̯n!",Ba hena Bantha need watch it go!,ba ˈhena ˈbantha nid watʃ it ɡo!
vilo_guest_neither_funny,Vilo,Neither one of you are funny.,ˈnide wan av ˈiu ˈaa ˈfani.,Nie e-va ka xe,nie̯ ˈeva ka ʃe,Nie ni e-va funny no,nie̯ ni ˈeva ˈfani no,Nie mi-va ixena! You no funny!,nie̯ ˈmiva ˈiʃena! ˈiu no ˈfani!,Nie mi-va you no funny,nie̯ ˈmiva ˈiu no ˈfani
vilo_correllia_issues,Vilo,Never had these issues on Correllia.,ˈneve had dis ˈiʃus an kowˈwellia.,Nie-mo ga-no ta pobem be Correllia.,ˈnie̯mo ˈɡano ta ˈpobem be kowˈwellia.,"Niemo tumunie ta pobem, no problem!","ˈnie̯mo ˈtumunie̯ ta ˈpobem, no ˈpwablam!",Nie mo tumunie. No issues!,nie̯ mo ˈtumunie̯. no ˈiʃus!,Nie ga-no no issues on Correllia!,nie̯ ˈɡano no ˈiʃus an kowˈwellia!